,사고번호,사고일시,요일,시군구,사고내용,사망자수,중상자수,경상자수,부상신고자수,사고유형,법규위반,노면상태,기상상태,도로형태,가해운전자 차종,가해운전자 성별,가해운전자 연령,가해운전자 상해정도,피해운전자 차종,피해운전자 성별,피해운전자 연령,피해운전자 상해정도
2534,2019021100100027,2019년 2월 11일 00시,월요일,경상북도 경주시 황성동,경상사고,0,0,1,0,차대사람 - 길가장자리구역통행중,안전운전불이행,포장 - 건조,맑음,교차로 - 교차로부근,승용,남,19세,상해없음,보행자,남,26세,경상
2535,2019021100100107,2019년 2월 11일 08시,월요일,경상북도 구미시 공단동,중상사고,0,1,0,0,차대사람 - 횡단중,안전운전불이행,포장 - 건조,맑음,교차로 - 교차로안,승용,여,55세,상해없음,보행자,여,76세,중상
2536,2019021100100142,2019년 2월 11일 09시,월요일,경상북도 포항시 북구 장성동,중상사고,0,1,0,0,차대사람 - 기타,안전운전불이행,포장 - 건조,맑음,단일로 - 기타,승용,여,30세,상해없음,보행자,여,65세,중상
2537,2019021100100250,2019년 2월 11일 13시,월요일,경상북도 경산시 하양읍,중상사고,0,1,0,0,차대사람 - 횡단중,안전운전불이행,포장 - 건조,맑음,단일로 - 기타,승합,남,67세,상해없음,보행자,여,60세,중상
2538,2019021100100251,2019년 2월 11일 13시,월요일,경상북도 포항시 남구 대송면,경상사고,0,0,1,0,차대사람 - 길가장자리구역통행중,안전운전불이행,포장 - 건조,맑음,교차로 - 교차로안,화물,남,62세,상해없음,보행자,여,63세,경상
2539,2019021100100343,2019년 2월 11일 16시,월요일,경상북도 상주시 낙동면,경상사고,0,0,1,0,차대사람 - 차도통행중,안전운전불이행,포장 - 건조,맑음,단일로 - 기타,화물,남,37세,상해없음,보행자,남,25세,경상
2540,2019021100100375,2019년 2월 11일 17시,월요일,경상북도 포항시 남구 대잠동,경상사고,0,0,1,0,차대사람 - 길가장자리구역통행중,안전운전불이행,포장 - 건조,맑음,단일로 - 기타,승용,남,42세,상해없음,보행자,남,8세,경상
2541,2019021100100407,2019년 2월 11일 18시,월요일,경상북도 경산시 사동,중상사고,0,1,0,0,차대사람 - 횡단중,보행자보호의무위반,포장 - 건조,맑음,교차로 - 교차로횡단보도내,승용,여,37세,상해없음,보행자,남,68세,중상
2542,2019021100100452,2019년 2월 11일 19시,월요일,경상북도 구미시 사곡동,중상사고,0,1,0,0,차대사람 - 기타,안전운전불이행,포장 - 건조,맑음,단일로 - 기타,이륜,남,36세,상해없음,보행자,남,55세,중상
2543,2019021100100512,2019년 2월 11일 21시,월요일,경상북도 구미시 원평동,경상사고,0,0,1,0,차대사람 - 기타,안전운전불이행,포장 - 건조,맑음,교차로 - 교차로안,승용,남,58세,상해없음,보행자,남,19세,경상
2544,2019021200100109,2019년 2월 12일 08시,화요일,경상북도 영천시 완산동,경상사고,0,0,1,0,차대사람 - 길가장자리구역통행중,안전운전불이행,포장 - 건조,맑음,단일로 - 기타,승용,남,67세,상해없음,보행자,여,72세,경상
2545,2019021300100122,2019년 2월 13일 08시,수요일,경상북도 청도군 청도읍,중상사고,0,1,0,0,차대사람 - 길가장자리구역통행중,안전운전불이행,포장 - 건조,맑음,교차로 - 교차로부근,승용,여,33세,상해없음,보행자,여,77세,중상
2546,2019021300100293,2019년 2월 13일 14시,수요일,경상북도 영천시 금호읍,중상사고,0,1,0,0,차대사람 - 차도통행중,안전운전불이행,포장 - 건조,맑음,교차로 - 교차로부근,승용,여,62세,상해없음,보행자,여,70세,중상
2547,2019021300100429,2019년 2월 13일 18시,수요일,경상북도 영천시 임고면,중상사고,0,1,0,0,차대사람 - 길가장자리구역통행중,안전운전불이행,포장 - 건조,맑음,단일로 - 기타,화물,남,64세,상해없음,보행자,남,77세,중상
2548,2019021300100527,2019년 2월 13일 21시,수요일,경상북도 포항시 북구 장성동,사망사고,1,0,0,0,차대사람 - 횡단중,안전운전불이행,포장 - 건조,맑음,단일로 - 기타,승용,남,61세,상해없음,보행자,남,63세,사망
2549,2019021300100528,2019년 2월 13일 21시,수요일,경상북도 김천시 용두동,경상사고,0,0,1,0,차대사람 - 길가장자리구역통행중,안전운전불이행,포장 - 건조,맑음,교차로 - 교차로부근,승용,남,53세,상해없음,보행자,남,64세,경상
2550,2019021300100531,2019년 2월 13일 21시,수요일,경상북도 포항시 남구 대잠동,경상사고,0,0,1,0,차대사람 - 횡단중,안전운전불이행,포장 - 건조,맑음,단일로 - 기타,승용,여,68세,상해없음,보행자,남,46세,경상
2551,2019021400100066,2019년 2월 14일 06시,목요일,경상북도 경산시 정평동,경상사고,0,0,1,0,차대사람 - 길가장자리구역통행중,안전운전불이행,포장 - 건조,맑음,기타 - 기타,승용,여,47세,상해없음,보행자,여,58세,경상
2552,2019021400100146,2019년 2월 14일 09시,목요일,경상북도 구미시 봉곡동,경상사고,0,0,1,0,차대사람 - 기타,안전운전불이행,포장 - 건조,맑음,교차로 - 교차로안,승용,여,55세,상해없음,보행자,여,80세,경상
2553,2019021400100259,2019년 2월 14일 13시,목요일,경상북도 포항시 북구 죽도동,경상사고,0,0,1,0,차대사람 - 기타,안전운전불이행,포장 - 건조,맑음,단일로 - 기타,승용,여,53세,상해없음,보행자,여,67세,경상
2554,2019021400100288,2019년 2월 14일 14시,목요일,경상북도 김천시 모암동,경상사고,0,0,1,0,차대사람 - 기타,보행자보호의무위반,포장 - 건조,맑음,단일로 - 기타,승합,남,69세,상해없음,보행자,여,55세,경상
2555,2019021400100319,2019년 2월 14일 15시,목요일,경상북도 안동시 태화동,경상사고,0,0,1,0,차대사람 - 길가장자리구역통행중,안전운전불이행,포장 - 건조,맑음,단일로 - 기타,승용,남,58세,상해없음,보행자,남,58세,경상
2556,2019021400100384,2019년 2월 14일 17시,목요일,경상북도 구미시 형곡동,경상사고,0,0,1,0,차대사람 - 기타,안전운전불이행,포장 - 건조,맑음,교차로 - 교차로부근,이륜,남,17세,상해없음,보행자,여,20세,경상
2557,2019021500100036,2019년 2월 15일 01시,금요일,경상북도 포항시 남구 청림동,중상사고,0,1,0,0,차대사람 - 횡단중,안전운전불이행,포장 - 건조,맑음,단일로 - 기타,승용,남,68세,상해없음,보행자,여,76세,중상
2558,2019021500100086,2019년 2월 15일 06시,금요일,경상북도 김천시 지좌동,사망사고,1,0,0,0,차대사람 - 차도통행중,안전운전불이행,포장 - 건조,맑음,교차로 - 교차로부근,승합,남,61세,상해없음,보행자,여,79세,사망
2559,2019021500100177,2019년 2월 15일 08시,금요일,경상북도 포항시 남구 대잠동,중상사고,0,1,0,0,차대사람 - 횡단중,보행자보호의무위반,포장 - 젖음/습기,비,교차로 - 교차로안,승합,남,81세,상해없음,보행자,여,61세,중상
2560,2019021500100280,2019년 2월 15일 11시,금요일,경상북도 경산시 대동,경상사고,0,0,1,0,차대사람 - 보도통행중,안전운전불이행,포장 - 건조,맑음,단일로 - 기타,자전거,남,72세,상해없음,보행자,여,23세,경상
2561,2019021500100337,2019년 2월 15일 13시,금요일,경상북도 상주시 서성동,경상사고,0,0,1,0,차대사람 - 길가장자리구역통행중,안전운전불이행,포장 - 건조,맑음,교차로 - 교차로안,자전거,여,60세,경상,보행자,여,71세,상해없음
2562,2019021500100338,2019년 2월 15일 13시,금요일,경상북도 울진군 울진읍,경상사고,0,0,1,0,차대사람 - 기타,안전운전불이행,포장 - 건조,맑음,단일로 - 기타,승용,남,48세,상해없음,보행자,여,55세,경상
2563,2019021500100408,2019년 2월 15일 15시,금요일,경상북도 청송군 현동면,중상사고,0,1,0,0,차대사람 - 길가장자리구역통행중,안전운전불이행,포장 - 건조,맑음,단일로 - 지하차도(도로)내,건설기계,남,36세,상해없음,보행자,여,73세,중상
2564,2019021500100684,2019년 2월 15일 23시,금요일,경상북도 경산시 진량읍,중상사고,0,1,0,0,차대사람 - 기타,안전운전불이행,포장 - 건조,맑음,단일로 - 기타,승용,남,64세,상해없음,보행자,남,45세,중상
2565,2019021600100296,2019년 2월 16일 14시,토요일,경상북도 영덕군 강구면,중상사고,0,1,0,0,차대사람 - 기타,안전운전불이행,포장 - 건조,맑음,단일로 - 기타,승용,남,61세,상해없음,보행자,여,51세,중상
2566,2019021600100419,2019년 2월 16일 17시,토요일,경상북도 영주시 가흥동,경상사고,0,0,1,0,차대사람 - 횡단중,보행자보호의무위반,포장 - 건조,맑음,교차로 - 교차로횡단보도내,승합,남,53세,상해없음,보행자,여,23세,경상
2567,2019021600100465,2019년 2월 16일 18시,토요일,경상북도 영천시 임고면,중상사고,0,1,1,0,차대사람 - 횡단중,보행자보호의무위반,포장 - 건조,맑음,단일로 - 기타,승용,남,64세,경상,보행자,여,75세,중상
2568,2019021600100612,2019년 2월 16일 23시,토요일,경상북도 경산시 압량면,경상사고,0,0,1,0,차대사람 - 길가장자리구역통행중,안전운전불이행,포장 - 건조,맑음,단일로 - 기타,승용,남,54세,상해없음,보행자,여,27세,경상
2569,2019021700100041,2019년 2월 17일 00시,일요일,경상북도 안동시 목성동,중상사고,0,1,0,0,차대사람 - 횡단중,보행자보호의무위반,포장 - 건조,맑음,단일로 - 기타,승용,남,38세,상해없음,보행자,남,68세,중상
2570,2019021700100042,2019년 2월 17일 00시,일요일,경상북도 경산시 조영동,경상사고,0,0,1,0,차대사람 - 기타,불법유턴,포장 - 건조,맑음,단일로 - 기타,승용,남,49세,상해없음,보행자,여,28세,경상
2571,2019021700100155,2019년 2월 17일 10시,일요일,경상북도 영주시 하망동,중상사고,0,1,0,0,차대사람 - 차도통행중,안전운전불이행,포장 - 건조,맑음,미분류 - 미분류,승용,남,78세,상해없음,보행자,남,64세,중상
2572,2019021700100393,2019년 2월 17일 19시,일요일,경상북도 영천시 창구동,중상사고,0,1,0,0,차대사람 - 횡단중,보행자보호의무위반,포장 - 건조,맑음,교차로 - 교차로횡단보도내,승합,남,65세,상해없음,보행자,여,64세,중상
2573,2019021700100443,2019년 2월 17일 21시,일요일,경상북도 경주시 성건동,경상사고,0,0,1,0,차대사람 - 길가장자리구역통행중,안전운전불이행,포장 - 건조,맑음,단일로 - 기타,승용,여,62세,상해없음,보행자,남,17세,경상
2574,2019021700100456,2019년 2월 17일 22시,일요일,경상북도 경산시 사정동,경상사고,0,0,1,0,차대사람 - 차도통행중,안전운전불이행,포장 - 건조,맑음,단일로 - 기타,승용,남,56세,상해없음,보행자,남,47세,경상
2575,2019021800100216,2019년 2월 18일 11시,월요일,경상북도 칠곡군 북삼읍,경상사고,0,0,1,0,차대사람 - 횡단중,안전운전불이행,포장 - 건조,맑음,교차로 - 교차로횡단보도내,이륜,남,20세,상해없음,보행자,여,4세,경상
2576,2019021800100387,2019년 2월 18일 17시,월요일,경상북도 칠곡군 석적읍,중상사고,0,1,0,0,차대사람 - 기타,안전운전불이행,포장 - 건조,맑음,주차장 - 주차장,승용,여,38세,상해없음,보행자,남,6세,중상
2577,2019021800100426,2019년 2월 18일 18시,월요일,경상북도 구미시 도량동,경상사고,0,0,1,0,차대사람 - 기타,중앙선침범,포장 - 건조,맑음,교차로 - 교차로부근,화물,남,68세,상해없음,보행자,남,23세,경상
2578,2019021800100454,2019년 2월 18일 19시,월요일,경상북도 포항시 북구 대신동,중상사고,0,1,0,0,차대사람 - 차도통행중,안전운전불이행,포장 - 건조,맑음,단일로 - 기타,승용,남,65세,상해없음,보행자,여,80세,중상
2579,2019021800100456,2019년 2월 18일 19시,월요일,경상북도 경산시 옥곡동,중상사고,0,1,0,0,차대사람 - 횡단중,안전운전불이행,포장 - 건조,맑음,단일로 - 고가도로위,승용,남,60세,상해없음,보행자,남,80세,중상
2580,2019021800100457,2019년 2월 18일 19시,월요일,경상북도 구미시 고아읍,경상사고,0,0,1,0,차대사람 - 횡단중,보행자보호의무위반,포장 - 건조,맑음,단일로 - 기타,승용,여,23세,상해없음,보행자,여,55세,경상
2581,2019021800100516,2019년 2월 18일 21시,월요일,경상북도 경주시 충효동,중상사고,0,1,0,0,차대사람 - 횡단중,안전운전불이행,포장 - 건조,맑음,교차로 - 교차로안,승용,여,52세,상해없음,보행자,여,52세,중상
2582,2019021900100335,2019년 2월 19일 15시,화요일,경상북도 안동시 옥야동,중상사고,0,1,0,0,차대사람 - 길가장자리구역통행중,안전운전불이행,포장 - 건조,맑음,단일로 - 기타,승용,여,55세,상해없음,보행자,여,86세,중상
2583,2019021900100358,2019년 2월 19일 16시,화요일,경상북도 포항시 남구 연일읍,중상사고,0,1,0,0,차대사람 - 차도통행중,안전운전불이행,포장 - 젖음/습기,맑음,교차로 - 교차로부근,승용,남,36세,상해없음,보행자,남,73세,중상
2584,2019021900100419,2019년 2월 19일 18시,화요일,경상북도 청도군 청도읍,경상사고,0,0,1,0,차대사람 - 횡단중,안전운전불이행,포장 - 젖음/습기,흐림,단일로 - 기타,화물,남,74세,상해없음,보행자,남,73세,경상
2585,2019021900100420,2019년 2월 19일 18시,화요일,경상북도 청도군 금천면,중상사고,0,1,0,0,차대사람 - 차도통행중,안전운전불이행,포장 - 건조,맑음,교차로 - 교차로안,승용,남,65세,상해없음,보행자,여,87세,중상
2586,2019021900100458,2019년 2월 19일 19시,화요일,경상북도 안동시 풍천면,경상사고,0,0,1,0,차대사람 - 횡단중,보행자보호의무위반,포장 - 젖음/습기,흐림,단일로 - 기타,승용,남,24세,상해없음,보행자,남,63세,경상
2587,2019021900100501,2019년 2월 19일 21시,화요일,경상북도 구미시 황상동,경상사고,0,0,1,0,차대사람 - 기타,안전운전불이행,포장 - 건조,맑음,단일로 - 기타,승용,여,23세,상해없음,보행자,남,57세,경상
2588,2019022000100147,2019년 2월 20일 09시,수요일,경상북도 영천시 북안면,경상사고,0,0,1,0,차대사람 - 횡단중,안전운전불이행,포장 - 건조,맑음,교차로 - 교차로안,화물,남,62세,상해없음,보행자,남,70세,경상
2589,2019022000100285,2019년 2월 20일 14시,수요일,경상북도 경주시 황오동,경상사고,0,0,1,0,차대사람 - 길가장자리구역통행중,안전운전불이행,포장 - 건조,맑음,단일로 - 기타,승용,남,53세,상해없음,보행자,남,19세,경상
2590,2019022000100377,2019년 2월 20일 17시,수요일,경상북도 예천군 예천읍,경상사고,0,0,1,0,차대사람 - 차도통행중,안전운전불이행,포장 - 건조,맑음,단일로 - 기타,화물,남,54세,상해없음,보행자,여,52세,경상
2591,2019022000100412,2019년 2월 20일 18시,수요일,경상북도 경산시 진량읍,부상신고사고,0,0,0,1,차대사람 - 차도통행중,안전운전불이행,포장 - 건조,흐림,단일로 - 기타,기타불명,기타불명,미분류,기타불명,보행자,여,59세,부상신고
2592,2019022000100462,2019년 2월 20일 19시,수요일,경상북도 칠곡군 왜관읍,경상사고,0,0,1,0,차대사람 - 길가장자리구역통행중,안전운전불이행,포장 - 건조,맑음,단일로 - 기타,승용,여,미분류,상해없음,보행자,남,64세,경상
2593,2019022000100463,2019년 2월 20일 19시,수요일,경상북도 경산시 하양읍,중상사고,0,1,0,0,차대사람 - 횡단중,안전운전불이행,포장 - 건조,맑음,단일로 - 기타,승용,남,55세,상해없음,보행자,남,49세,중상
2594,2019022100100166,2019년 2월 21일 09시,목요일,경상북도 군위군 부계면,사망사고,1,0,0,0,차대사람 - 횡단중,안전운전불이행,포장 - 건조,맑음,단일로 - 기타,화물,남,58세,상해없음,보행자,남,60세,사망
2595,2019022100100513,2019년 2월 21일 19시,목요일,경상북도 구미시 선산읍,중상사고,0,1,0,0,차대사람 - 기타,중앙선침범,포장 - 건조,맑음,교차로 - 교차로안,승용,남,64세,상해없음,보행자,남,51세,중상
2596,2019022100100579,2019년 2월 21일 21시,목요일,경상북도 포항시 북구 양덕동,경상사고,0,0,1,0,차대사람 - 기타,안전운전불이행,포장 - 건조,맑음,단일로 - 기타,승용,남,47세,상해없음,보행자,남,36세,경상
2597,2019022100100599,2019년 2월 21일 22시,목요일,경상북도 경주시 동천동,경상사고,0,0,1,0,차대사람 - 차도통행중,안전운전불이행,포장 - 건조,맑음,단일로 - 지하차도(도로)내,승용,남,59세,상해없음,보행자,남,58세,경상
2598,2019022100100600,2019년 2월 21일 22시,목요일,경상북도 구미시 진평동,경상사고,0,0,2,0,차대사람 - 횡단중,안전운전불이행,포장 - 건조,맑음,교차로 - 교차로안,승용,남,24세,상해없음,보행자,남,44세,경상
2599,2019022200100044,2019년 2월 22일 01시,금요일,경상북도 구미시 진평동,경상사고,0,0,1,0,차대사람 - 횡단중,안전운전불이행,포장 - 건조,맑음,교차로 - 교차로안,승용,남,62세,상해없음,보행자,남,39세,경상
2600,2019022200100190,2019년 2월 22일 10시,금요일,경상북도 상주시 화서면,사망사고,1,0,0,0,차대사람 - 차도통행중,안전운전불이행,포장 - 건조,맑음,교차로 - 교차로안,화물,여,53세,상해없음,보행자,여,75세,사망
2601,2019022200100216,2019년 2월 22일 11시,금요일,경상북도 구미시 상모동,경상사고,0,0,1,0,차대사람 - 기타,안전운전불이행,포장 - 건조,맑음,기타 - 기타,승용,여,23세,기타불명,보행자,남,5세,경상
2602,2019022200100378,2019년 2월 22일 16시,금요일,경상북도 포항시 북구 창포동,중상사고,0,1,0,0,차대사람 - 횡단중,보행자보호의무위반,포장 - 건조,맑음,교차로 - 교차로횡단보도내,승용,남,85세,상해없음,보행자,남,42세,중상
2603,2019022200100402,2019년 2월 22일 17시,금요일,경상북도 포항시 북구 양덕동,경상사고,0,0,1,0,차대사람 - 기타,안전운전불이행,포장 - 건조,맑음,기타 - 기타,원동기,남,30세,기타불명,보행자,여,7세,경상
2604,2019022200100520,2019년 2월 22일 20시,금요일,경상북도 경주시 노서동,경상사고,0,0,2,0,차대사람 - 횡단중,보행자보호의무위반,포장 - 건조,맑음,단일로 - 지하차도(도로)내,이륜,남,62세,경상,보행자,여,24세,경상
2605,2019022300100043,2019년 2월 23일 01시,토요일,경상북도 포항시 북구 두호동,중상사고,0,1,0,0,차대사람 - 기타,신호위반,포장 - 건조,맑음,교차로 - 교차로안,승용,남,19세,상해없음,보행자,여,81세,중상
2606,2019022300100519,2019년 2월 23일 19시,토요일,경상북도 포항시 북구 환호동,중상사고,0,1,0,0,차대사람 - 횡단중,안전운전불이행,포장 - 건조,맑음,단일로 - 기타,이륜,남,33세,상해없음,보행자,남,71세,중상
2607,2019022300100520,2019년 2월 23일 19시,토요일,경상북도 경산시 정평동,경상사고,0,0,1,0,차대사람 - 보도통행중,안전운전불이행,포장 - 건조,맑음,단일로 - 기타,승용,남,40세,상해없음,보행자,남,37세,경상
2608,2019022400100107,2019년 2월 24일 10시,일요일,경상북도 영주시 풍기읍,경상사고,0,0,1,0,차대사람 - 차도통행중,안전운전불이행,포장 - 건조,맑음,교차로 - 교차로부근,화물,남,64세,기타불명,보행자,남,60세,경상
2609,2019022400100129,2019년 2월 24일 11시,일요일,경상북도 구미시 황상동,경상사고,0,0,2,0,차대사람 - 횡단중,보행자보호의무위반,포장 - 건조,맑음,교차로 - 교차로부근,승용,남,18세,상해없음,보행자,남,37세,경상
2610,2019022400100194,2019년 2월 24일 13시,일요일,경상북도 포항시 북구 흥해읍,중상사고,0,1,0,0,차대사람 - 기타,안전운전불이행,포장 - 건조,맑음,교차로 - 교차로안,화물,남,50세,상해없음,보행자,여,71세,중상
2611,2019022400100310,2019년 2월 24일 17시,일요일,경상북도 포항시 북구 죽도동,경상사고,0,0,1,0,차대사람 - 차도통행중,안전운전불이행,포장 - 건조,맑음,단일로 - 기타,승용,여,54세,상해없음,보행자,남,4세,경상
2612,2019022400100361,2019년 2월 24일 19시,일요일,미분류 미분류 미분류,경상사고,0,0,2,0,차대사람 - 기타,안전운전불이행,포장 - 건조,맑음,기타 - 기타,승용,남,72세,상해없음,보행자,남,21세,경상
2613,2019022500100113,2019년 2월 25일 08시,월요일,경상북도 안동시 옥동,경상사고,0,0,1,0,차대사람 - 횡단중,보행자보호의무위반,포장 - 건조,맑음,단일로 - 기타,승용,남,43세,상해없음,보행자,남,53세,경상
2614,2019022500100184,2019년 2월 25일 10시,월요일,경상북도 경산시 하양읍,중상사고,0,1,0,0,차대사람 - 횡단중,보행자보호의무위반,포장 - 건조,맑음,교차로 - 교차로횡단보도내,승용,여,62세,상해없음,보행자,남,69세,중상
2615,2019022500100254,2019년 2월 25일 12시,월요일,경상북도 경산시 백천동,경상사고,0,0,1,0,차대사람 - 횡단중,교차로운행방법위반,포장 - 건조,맑음,교차로 - 교차로안,화물,남,31세,상해없음,보행자,남,64세,경상
2616,2019022500100355,2019년 2월 25일 15시,월요일,경상북도 안동시 송천동,중상사고,0,1,0,0,차대사람 - 횡단중,안전운전불이행,포장 - 건조,맑음,단일로 - 기타,화물,남,57세,상해없음,보행자,남,45세,중상
2617,2019022500100356,2019년 2월 25일 15시,월요일,경상북도 김천시 용두동,중상사고,0,1,0,0,차대사람 - 차도통행중,안전운전불이행,포장 - 건조,맑음,단일로 - 기타,승용,여,49세,상해없음,보행자,남,80세,중상
2618,2019022500100504,2019년 2월 25일 19시,월요일,경상북도 칠곡군 왜관읍,경상사고,0,0,1,0,차대사람 - 길가장자리구역통행중,안전운전불이행,포장 - 건조,맑음,교차로 - 교차로부근,승합,여,43세,상해없음,보행자,남,70세,경상
2619,2019022500100505,2019년 2월 25일 19시,월요일,경상북도 구미시 송정동,사망사고,1,0,0,0,차대사람 - 횡단중,안전운전불이행,포장 - 건조,맑음,교차로 - 교차로부근,승용,남,36세,상해없음,보행자,여,60세,사망
2620,2019022500100506,2019년 2월 25일 19시,월요일,경상북도 구미시 도량동,경상사고,0,0,1,0,차대사람 - 횡단중,안전운전불이행,포장 - 건조,맑음,단일로 - 기타,승용,여,44세,상해없음,보행자,남,19세,경상
2621,2019022600100115,2019년 2월 26일 08시,화요일,경상북도 경주시 외동읍,중상사고,0,1,0,0,차대사람 - 횡단중,안전운전불이행,포장 - 건조,맑음,단일로 - 기타,승합,남,51세,상해없음,보행자,여,46세,중상
2622,2019022600100149,2019년 2월 26일 09시,화요일,경상북도 김천시 평화동,중상사고,0,1,0,0,차대사람 - 차도통행중,안전운전불이행,포장 - 건조,맑음,교차로 - 교차로부근,승용,여,34세,상해없음,보행자,여,79세,중상
2623,2019022600100243,2019년 2월 26일 12시,화요일,경상북도 포항시 남구 송도동,중상사고,0,1,0,0,차대사람 - 기타,보행자보호의무위반,포장 - 건조,맑음,교차로 - 교차로안,승용,여,49세,상해없음,보행자,남,77세,중상
2624,2019022600100337,2019년 2월 26일 15시,화요일,경상북도 영천시 문외동,중상사고,0,1,2,0,차대사람 - 횡단중,과속,포장 - 건조,맑음,단일로 - 기타,승용,남,38세,경상,보행자,여,29세,중상
2625,2019022600100472,2019년 2월 26일 19시,화요일,경상북도 군위군 군위읍,중상사고,0,1,0,0,차대사람 - 횡단중,안전운전불이행,포장 - 건조,맑음,단일로 - 기타,승용,여,36세,상해없음,보행자,여,88세,중상
2626,2019022700100053,2019년 2월 27일 03시,수요일,경상북도 포항시 북구 학산동,중상사고,0,1,0,0,차대사람 - 기타,안전운전불이행,포장 - 건조,맑음,교차로 - 교차로부근,승합,남,51세,상해없음,보행자,남,42세,중상
2627,2019022700100119,2019년 2월 27일 08시,수요일,경상북도 구미시 남통동,중상사고,0,1,0,0,차대사람 - 기타,안전운전불이행,포장 - 건조,맑음,단일로 - 기타,승용,여,53세,상해없음,보행자,여,42세,중상
2628,2019022700100139,2019년 2월 27일 09시,수요일,경상북도 영천시 금호읍,중상사고,0,1,0,0,차대사람 - 횡단중,안전운전불이행,포장 - 건조,맑음,단일로 - 기타,승용,남,32세,상해없음,보행자,여,75세,중상
2629,2019022700100321,2019년 2월 27일 15시,수요일,경상북도 칠곡군 왜관읍,중상사고,0,1,0,0,차대사람 - 횡단중,안전운전불이행,포장 - 건조,맑음,교차로 - 교차로부근,승용,여,57세,상해없음,보행자,여,64세,중상
2630,2019022700100322,2019년 2월 27일 15시,수요일,경상북도 문경시 점촌동,중상사고,0,1,0,0,차대사람 - 횡단중,보행자보호의무위반,포장 - 건조,맑음,교차로 - 교차로횡단보도내,승용,남,58세,상해없음,보행자,남,66세,중상
2631,2019022700100435,2019년 2월 27일 18시,수요일,경상북도 김천시 남산동,경상사고,0,0,1,0,차대사람 - 횡단중,보행자보호의무위반,포장 - 건조,맑음,교차로 - 교차로횡단보도내,승용,여,28세,상해없음,보행자,여,61세,경상
2632,2019022700100505,2019년 2월 27일 20시,수요일,경상북도 영주시 가흥동,중상사고,0,1,0,0,차대사람 - 차도통행중,안전운전불이행,포장 - 건조,맑음,미분류 - 미분류,이륜,남,40세,상해없음,보행자,여,78세,중상
2633,2019022800100033,2019년 2월 28일 00시,목요일,경상북도 포항시 북구 장성동,중상사고,0,1,0,0,차대사람 - 횡단중,보행자보호의무위반,포장 - 젖음/습기,비,교차로 - 교차로안,승합,남,49세,상해없음,보행자,남,51세,중상
2634,2019022800100155,2019년 2월 28일 09시,목요일,경상북도 경주시 성건동,경상사고,0,0,1,0,차대사람 - 기타,중앙선침범,포장 - 건조,맑음,단일로 - 기타,승용,여,63세,상해없음,보행자,남,69세,경상
2635,2019022800100348,2019년 2월 28일 15시,목요일,경상북도 포항시 남구 대잠동,경상사고,0,0,1,0,차대사람 - 기타,안전운전불이행,포장 - 건조,맑음,교차로 - 교차로부근,승용,남,65세,상해없음,보행자,남,25세,경상
2636,2019022800100455,2019년 2월 28일 18시,목요일,경상북도 영천시 금호읍,중상사고,0,1,0,0,차대사람 - 횡단중,안전운전불이행,포장 - 건조,맑음,단일로 - 기타,이륜,남,75세,상해없음,보행자,여,85세,중상
2637,2019030100100125,2019년 3월 1일 07시,금요일,경상북도 칠곡군 왜관읍,중상사고,0,1,0,0,차대사람 - 기타,보행자보호의무위반,포장 - 건조,맑음,단일로 - 기타,승용,남,30세,상해없음,보행자,남,84세,중상
2638,2019030100100412,2019년 3월 1일 19시,금요일,경상북도 영주시 가흥동,경상사고,0,0,2,0,차대사람 - 횡단중,보행자보호의무위반,포장 - 건조,맑음,교차로 - 교차로횡단보도내,승용,남,53세,상해없음,보행자,여,57세,경상
2639,2019030100100414,2019년 3월 1일 19시,금요일,경상북도 경산시 자인면,중상사고,0,1,0,0,차대사람 - 기타,안전운전불이행,포장 - 건조,맑음,단일로 - 기타,승용,남,71세,상해없음,보행자,남,69세,중상
2640,2019030200100100,2019년 3월 2일 08시,토요일,경상북도 울진군 온정면,중상사고,0,1,1,0,차대사람 - 기타,안전운전불이행,포장 - 건조,맑음,단일로 - 기타,승합,남,62세,상해없음,보행자,남,43세,중상
2641,2019030200100242,2019년 3월 2일 14시,토요일,경상북도 경산시 대동,경상사고,0,0,1,0,차대사람 - 기타,안전운전불이행,포장 - 건조,맑음,단일로 - 기타,승용,남,27세,상해없음,보행자,여,20세,경상
2642,2019030200100403,2019년 3월 2일 19시,토요일,경상북도 봉화군 봉화읍,경상사고,0,0,1,0,차대사람 - 기타,안전운전불이행,포장 - 건조,맑음,기타 - 기타,승용,남,41세,상해없음,보행자,여,63세,경상