,사고번호,사고일시,요일,시군구,사고내용,사망자수,중상자수,경상자수,부상신고자수,사고유형,법규위반,노면상태,기상상태,도로형태,가해운전자 차종,가해운전자 성별,가해운전자 연령,가해운전자 상해정도,피해운전자 차종,피해운전자 성별,피해운전자 연령,피해운전자 상해정도
2861,2019040800100462,2019년 4월 8일 17시,월요일,경상북도 포항시 북구 남빈동,경상사고,0,0,1,0,차대사람 - 횡단중,보행자보호의무위반,포장 - 건조,맑음,단일로 - 기타,승용,여,57세,상해없음,보행자,여,68세,경상
2862,2019040800100555,2019년 4월 8일 19시,월요일,경상북도 경산시 옥산동,중상사고,0,1,0,0,차대사람 - 횡단중,보행자보호의무위반,포장 - 건조,맑음,교차로 - 교차로횡단보도내,승합,남,38세,상해없음,보행자,남,56세,중상
2863,2019040800100556,2019년 4월 8일 19시,월요일,경상북도 예천군 풍양면,중상사고,0,1,0,0,차대사람 - 차도통행중,안전운전불이행,포장 - 건조,맑음,교차로 - 교차로부근,승용,여,58세,상해없음,보행자,남,53세,중상
2864,2019040800100557,2019년 4월 8일 19시,월요일,경상북도 구미시 인의동,경상사고,0,0,1,0,차대사람 - 기타,안전운전불이행,포장 - 건조,맑음,교차로 - 교차로부근,승용,남,61세,상해없음,보행자,여,21세,경상
2865,2019040800100611,2019년 4월 8일 21시,월요일,경상북도 경주시 석장동,경상사고,0,0,1,0,차대사람 - 횡단중,보행자보호의무위반,포장 - 건조,맑음,교차로 - 교차로부근,승용,여,47세,상해없음,보행자,남,25세,경상
2866,2019040800100652,2019년 4월 8일 23시,월요일,경상북도 영주시 휴천동,경상사고,0,0,1,0,차대사람 - 횡단중,보행자보호의무위반,포장 - 건조,맑음,교차로 - 교차로안,승용,남,42세,상해없음,보행자,남,23세,경상
2867,2019040900100074,2019년 4월 9일 05시,화요일,경상북도 포항시 북구 창포동,중상사고,0,1,0,0,차대사람 - 횡단중,안전운전불이행,포장 - 건조,맑음,교차로 - 교차로안,승용,남,71세,상해없음,보행자,남,62세,중상
2868,2019040900100168,2019년 4월 9일 09시,화요일,경상북도 안동시 서부동,중상사고,0,1,0,0,차대사람 - 횡단중,보행자보호의무위반,포장 - 건조,맑음,단일로 - 기타,승합,남,59세,상해없음,보행자,여,62세,중상
2869,2019040900100334,2019년 4월 9일 15시,화요일,경상북도 경주시 율동,경상사고,0,0,1,0,차대사람 - 기타,안전운전불이행,포장 - 건조,맑음,주차장 - 주차장,승용,남,54세,상해없음,보행자,남,53세,경상
2870,2019040900100335,2019년 4월 9일 15시,화요일,경상북도 칠곡군 북삼읍,중상사고,0,1,0,0,차대사람 - 횡단중,안전운전불이행,포장 - 건조,맑음,단일로 - 지하차도(도로)내,승용,여,45세,상해없음,보행자,여,81세,중상
2871,2019040900100337,2019년 4월 9일 15시,화요일,경상북도 구미시 고아읍,경상사고,0,0,1,0,차대사람 - 횡단중,신호위반,포장 - 건조,흐림,교차로 - 교차로횡단보도내,승용,남,64세,상해없음,보행자,남,7세,경상
2872,2019040900100399,2019년 4월 9일 17시,화요일,경상북도 구미시 구평동,부상신고사고,0,0,0,1,차대사람 - 기타,안전거리미확보,포장 - 젖음/습기,비,단일로 - 기타,기타불명,기타불명,미분류,기타불명,보행자,남,22세,부상신고
2873,2019040900100506,2019년 4월 9일 19시,화요일,경상북도 포항시 북구 대신동,중상사고,0,1,0,0,차대사람 - 차도통행중,안전운전불이행,포장 - 젖음/습기,비,단일로 - 기타,이륜,남,18세,상해없음,보행자,남,66세,중상
2874,2019040900100562,2019년 4월 9일 20시,화요일,경상북도 경주시 서면,중상사고,0,1,0,0,차대사람 - 차도통행중,안전운전불이행,포장 - 젖음/습기,비,단일로 - 지하차도(도로)내,승용,남,31세,상해없음,보행자,여,70세,중상
2875,2019040900100684,2019년 4월 9일 22시,화요일,경상북도 구미시 원평동,중상사고,0,1,0,1,차대사람 - 기타,안전운전불이행,포장 - 젖음/습기,비,단일로 - 기타,이륜,남,20세,부상신고,보행자,남,68세,중상
2876,2019041000100045,2019년 4월 10일 00시,수요일,경상북도 영주시 가흥동,경상사고,0,0,1,0,차대사람 - 기타,안전운전불이행,포장 - 젖음/습기,눈,교차로 - 교차로안,승용,남,32세,상해없음,보행자,여,20세,경상
2877,2019041000100063,2019년 4월 10일 01시,수요일,경상북도 영주시 풍기읍,중상사고,0,1,0,0,차대사람 - 보도통행중,안전운전불이행,포장 - 건조,맑음,교차로 - 교차로안,화물,남,32세,상해없음,보행자,여,81세,중상
2878,2019041000100261,2019년 4월 10일 11시,수요일,경상북도 포항시 남구 대도동,경상사고,0,0,1,0,차대사람 - 차도통행중,안전운전불이행,포장 - 건조,흐림,단일로 - 기타,승용,남,59세,상해없음,보행자,남,29세,경상
2879,2019041000100405,2019년 4월 10일 16시,수요일,경상북도 문경시 모전동,중상사고,0,1,0,0,차대사람 - 횡단중,보행자보호의무위반,포장 - 건조,맑음,교차로 - 교차로횡단보도내,승용,남,54세,상해없음,보행자,남,9세,중상
2880,2019041000100442,2019년 4월 10일 17시,수요일,경상북도 예천군 예천읍,중상사고,0,1,0,0,차대사람 - 차도통행중,안전운전불이행,포장 - 건조,맑음,교차로 - 교차로안,승합,여,56세,상해없음,보행자,남,53세,중상
2881,2019041000100530,2019년 4월 10일 19시,수요일,경상북도 영주시 가흥동,경상사고,0,0,1,0,차대사람 - 기타,안전운전불이행,포장 - 젖음/습기,비,단일로 - 기타,승용,여,38세,상해없음,보행자,남,63세,경상
2882,2019041000100558,2019년 4월 10일 20시,수요일,경상북도 성주군 초전면,중상사고,0,1,0,0,차대사람 - 기타,안전운전불이행,포장 - 건조,맑음,교차로 - 교차로안,승용,남,37세,상해없음,보행자,여,34세,중상
2883,2019041100100153,2019년 4월 11일 08시,목요일,경상북도 김천시 평화동,경상사고,0,0,1,0,차대사람 - 기타,안전운전불이행,포장 - 건조,맑음,단일로 - 기타,승용,남,40세,상해없음,보행자,여,19세,경상
2884,2019041100100181,2019년 4월 11일 09시,목요일,경상북도 성주군 성주읍,경상사고,0,0,1,0,차대사람 - 기타,안전운전불이행,포장 - 건조,맑음,단일로 - 기타,화물,남,67세,상해없음,보행자,남,39세,경상
2885,2019041100100445,2019년 4월 11일 18시,목요일,경상북도 경산시 남천면,중상사고,0,1,0,0,차대사람 - 차도통행중,안전운전불이행,포장 - 건조,맑음,단일로 - 기타,승용,남,78세,상해없음,보행자,여,73세,중상
2886,2019041200100184,2019년 4월 12일 09시,금요일,경상북도 안동시 평화동,중상사고,0,1,0,0,차대사람 - 횡단중,안전운전불이행,포장 - 건조,맑음,단일로 - 기타,승용,여,69세,상해없음,보행자,여,75세,중상
2887,2019041200100638,2019년 4월 12일 22시,금요일,경상북도 김천시 평화동,부상신고사고,0,0,0,1,차대사람 - 길가장자리구역통행중,안전운전불이행,포장 - 건조,맑음,교차로 - 교차로부근,승용,남,29세,상해없음,보행자,남,16세,부상신고
2888,2019041200100639,2019년 4월 12일 22시,금요일,경상북도 경산시 진량읍,경상사고,0,0,1,0,차대사람 - 기타,안전운전불이행,포장 - 건조,맑음,단일로 - 기타,승용,남,35세,상해없음,보행자,남,24세,경상
2889,2019041300100207,2019년 4월 13일 10시,토요일,경상북도 포항시 북구 흥해읍,경상사고,0,0,1,0,차대사람 - 기타,안전운전불이행,포장 - 건조,맑음,단일로 - 기타,승용,남,51세,상해없음,보행자,여,75세,경상
2890,2019041300100209,2019년 4월 13일 10시,토요일,경상북도 상주시 남성동,경상사고,0,0,1,0,차대사람 - 횡단중,안전운전불이행,포장 - 건조,맑음,교차로 - 교차로횡단보도내,승용,남,75세,상해없음,보행자,여,8세,경상
2891,2019041300100248,2019년 4월 13일 11시,토요일,경상북도 김천시 부곡동,경상사고,0,0,1,0,차대사람 - 차도통행중,안전운전불이행,포장 - 건조,맑음,교차로 - 교차로부근,승용,여,66세,상해없음,보행자,남,39세,경상
2892,2019041300100340,2019년 4월 13일 13시,토요일,경상북도 고령군 쌍림면,중상사고,0,1,0,0,차대사람 - 길가장자리구역통행중,안전운전불이행,포장 - 건조,맑음,단일로 - 기타,건설기계,남,38세,상해없음,보행자,남,49세,중상
2893,2019041300100456,2019년 4월 13일 16시,토요일,경상북도 영주시 휴천동,중상사고,0,1,0,0,차대사람 - 기타,안전운전불이행,포장 - 건조,맑음,단일로 - 기타,승용,여,37세,상해없음,보행자,여,60세,중상
2894,2019041300100536,2019년 4월 13일 18시,토요일,경상북도 경산시 진량읍,경상사고,0,0,1,0,차대사람 - 기타,안전운전불이행,포장 - 건조,맑음,단일로 - 기타,이륜,남,30세,상해없음,보행자,여,11세,경상
2895,2019041300100651,2019년 4월 13일 21시,토요일,경상북도 영주시 상망동,중상사고,0,1,0,0,차대사람 - 길가장자리구역통행중,안전운전불이행,포장 - 건조,맑음,단일로 - 기타,승용,남,50세,상해없음,보행자,여,37세,중상
2896,2019041400100060,2019년 4월 14일 02시,일요일,경상북도 포항시 남구 상도동,경상사고,0,0,1,0,차대사람 - 기타,안전운전불이행,포장 - 건조,맑음,단일로 - 기타,승용,남,25세,상해없음,보행자,여,20세,경상
2897,2019041400100078,2019년 4월 14일 04시,일요일,경상북도 경산시 하양읍,경상사고,0,0,1,0,차대사람 - 기타,불법유턴,포장 - 건조,맑음,단일로 - 기타,승용,남,61세,상해없음,보행자,여,35세,경상
2898,2019041400100372,2019년 4월 14일 19시,일요일,경상북도 포항시 북구 대흥동,중상사고,0,1,0,0,차대사람 - 횡단중,신호위반,포장 - 건조,맑음,교차로 - 교차로횡단보도내,승용,남,78세,상해없음,보행자,남,54세,중상
2899,2019041400100396,2019년 4월 14일 20시,일요일,경상북도 경산시 하양읍,부상신고사고,0,0,0,1,차대사람 - 기타,안전운전불이행,포장 - 건조,맑음,단일로 - 기타,기타불명,기타불명,미분류,기타불명,보행자,남,50세,부상신고
2900,2019041400100453,2019년 4월 14일 23시,일요일,경상북도 구미시 옥계동,중상사고,0,1,0,1,차대사람 - 횡단중,안전운전불이행,포장 - 건조,맑음,단일로 - 기타,이륜,남,19세,부상신고,보행자,남,25세,중상
2901,2019041500100655,2019년 4월 15일 20시,월요일,경상북도 영천시 금노동,중상사고,0,1,0,0,차대사람 - 기타,안전운전불이행,포장 - 건조,맑음,단일로 - 기타,승용,여,35세,상해없음,보행자,남,65세,중상
2902,2019041500100717,2019년 4월 15일 23시,월요일,경상북도 포항시 남구 상도동,중상사고,0,1,0,0,차대사람 - 기타,안전운전불이행,포장 - 건조,맑음,기타 - 기타,이륜,남,20세,상해없음,보행자,여,18세,중상
2903,2019041600100208,2019년 4월 16일 09시,화요일,경상북도 청송군 안덕면,중상사고,0,1,0,0,차대사람 - 길가장자리구역통행중,안전운전불이행,포장 - 건조,맑음,단일로 - 기타,화물,남,57세,상해없음,보행자,여,84세,중상
2904,2019041600100237,2019년 4월 16일 10시,화요일,경상북도 문경시 문경읍,경상사고,0,0,1,0,차대사람 - 기타,안전운전불이행,포장 - 기타,맑음,단일로 - 기타,화물,남,50세,상해없음,보행자,남,71세,경상
2905,2019041600100334,2019년 4월 16일 13시,화요일,경상북도 영주시 가흥동,중상사고,0,1,0,0,차대사람 - 횡단중,안전운전불이행,포장 - 건조,맑음,단일로 - 기타,승용,남,41세,상해없음,보행자,남,73세,중상
2906,2019041600100335,2019년 4월 16일 13시,화요일,경상북도 칠곡군 왜관읍,중상사고,0,1,0,0,차대사람 - 길가장자리구역통행중,안전운전불이행,포장 - 건조,맑음,단일로 - 기타,화물,남,46세,상해없음,보행자,남,79세,중상
2907,2019041600100338,2019년 4월 16일 13시,화요일,경상북도 울진군 죽변면,중상사고,0,1,0,0,차대사람 - 횡단중,안전운전불이행,포장 - 건조,맑음,단일로 - 기타,승용,여,48세,기타불명,보행자,남,63세,중상
2908,2019041600100452,2019년 4월 16일 16시,화요일,경상북도 구미시 상모동,경상사고,0,0,1,0,차대사람 - 횡단중,안전운전불이행,포장 - 건조,맑음,교차로 - 교차로안,승용,여,56세,상해없음,보행자,남,11세,경상
2909,2019041600100584,2019년 4월 16일 19시,화요일,경상북도 포항시 남구 상도동,사망사고,1,0,0,0,차대사람 - 횡단중,안전운전불이행,포장 - 건조,맑음,단일로 - 기타,승용,남,63세,상해없음,보행자,여,79세,사망
2910,2019041600100652,2019년 4월 16일 21시,화요일,경상북도 포항시 남구 해도동,중상사고,0,1,1,0,차대사람 - 횡단중,신호위반,포장 - 건조,맑음,교차로 - 교차로횡단보도내,이륜,남,35세,경상,보행자,여,41세,중상
2911,2019041700100054,2019년 4월 17일 04시,수요일,경상북도 영덕군 강구면,중상사고,0,1,0,0,차대사람 - 횡단중,신호위반,포장 - 건조,맑음,교차로 - 교차로안,화물,남,73세,상해없음,보행자,여,72세,중상
2912,2019041700100106,2019년 4월 17일 07시,수요일,경상북도 영주시 가흥동,중상사고,0,1,0,0,차대사람 - 기타,안전운전불이행,포장 - 건조,맑음,단일로 - 기타,승용,여,49세,상해없음,보행자,여,31세,중상
2913,2019041700100147,2019년 4월 17일 08시,수요일,경상북도 구미시 진평동,중상사고,0,1,0,0,차대사람 - 횡단중,보행자보호의무위반,포장 - 건조,맑음,교차로 - 교차로횡단보도내,화물,남,35세,상해없음,보행자,여,55세,중상
2914,2019041700100221,2019년 4월 17일 10시,수요일,경상북도 봉화군 춘양면,중상사고,0,1,0,0,차대사람 - 기타,안전운전불이행,포장 - 건조,맑음,기타 - 기타,화물,남,76세,상해없음,보행자,여,62세,중상
2915,2019041700100310,2019년 4월 17일 13시,수요일,경상북도 영양군 영양읍,경상사고,0,0,1,0,차대사람 - 횡단중,안전운전불이행,포장 - 건조,맑음,교차로 - 교차로부근,화물,남,52세,상해없음,보행자,남,58세,경상
2916,2019041700100384,2019년 4월 17일 15시,수요일,경상북도 경산시 옥산동,경상사고,0,0,1,0,차대사람 - 보도통행중,기타,포장 - 건조,맑음,단일로 - 지하차도(도로)내,자전거,남,64세,상해없음,보행자,여,62세,경상
2917,2019041700100503,2019년 4월 17일 18시,수요일,경상북도 포항시 남구 오천읍,경상사고,0,0,1,0,차대사람 - 길가장자리구역통행중,중앙선침범,포장 - 건조,맑음,기타 - 기타,승용,여,45세,상해없음,보행자,남,59세,경상
2918,2019041700100585,2019년 4월 17일 20시,수요일,경상북도 경산시 중산동,중상사고,0,1,1,0,차대사람 - 기타,보행자보호의무위반,포장 - 건조,맑음,교차로 - 교차로안,승용,남,57세,상해없음,보행자,여,23세,중상
2919,2019041700100614,2019년 4월 17일 21시,수요일,경상북도 경산시 조영동,경상사고,0,0,1,0,차대사람 - 기타,안전운전불이행,포장 - 건조,맑음,단일로 - 기타,승용,여,23세,상해없음,보행자,남,41세,경상
2920,2019041700100636,2019년 4월 17일 22시,수요일,경상북도 안동시 운안동,중상사고,0,1,0,0,차대사람 - 길가장자리구역통행중,안전운전불이행,포장 - 건조,맑음,단일로 - 기타,승용,남,54세,상해없음,보행자,여,78세,중상
2921,2019041800100134,2019년 4월 18일 08시,목요일,경상북도 안동시 풍천면,경상사고,0,0,1,0,차대사람 - 보도통행중,보행자보호의무위반,포장 - 건조,맑음,교차로 - 교차로횡단보도내,승용,여,38세,상해없음,보행자,남,8세,경상
2922,2019041800100604,2019년 4월 18일 22시,목요일,경상북도 의성군 의성읍,경상사고,0,0,1,0,차대사람 - 기타,안전운전불이행,포장 - 건조,맑음,주차장 - 주차장,승용,여,34세,상해없음,보행자,여,42세,경상
2923,2019041900100184,2019년 4월 19일 09시,금요일,경상북도 구미시 남통동,중상사고,0,1,0,0,차대사람 - 횡단중,안전운전불이행,포장 - 건조,맑음,교차로 - 교차로안,승용,여,53세,상해없음,보행자,여,85세,중상
2924,2019041900100221,2019년 4월 19일 10시,금요일,경상북도 영주시 가흥동,경상사고,0,0,1,0,차대사람 - 기타,안전운전불이행,포장 - 건조,맑음,주차장 - 주차장,화물,남,66세,상해없음,보행자,남,35세,경상
2925,2019041900100222,2019년 4월 19일 10시,금요일,경상북도 영천시 문내동,중상사고,0,1,0,0,차대사람 - 횡단중,안전운전불이행,포장 - 건조,맑음,교차로 - 교차로안,승용,남,57세,상해없음,보행자,남,74세,중상
2926,2019041900100393,2019년 4월 19일 15시,금요일,경상북도 포항시 북구 덕수동,경상사고,0,0,1,0,차대사람 - 횡단중,신호위반,포장 - 건조,맑음,단일로 - 기타,화물,남,43세,상해없음,보행자,남,10세,경상
2927,2019041900100394,2019년 4월 19일 15시,금요일,경상북도 의성군 봉양면,중상사고,0,1,0,0,차대사람 - 횡단중,기타,포장 - 건조,맑음,단일로 - 기타,화물,남,56세,상해없음,보행자,여,80세,중상
2928,2019042000100452,2019년 4월 20일 16시,토요일,경상북도 경주시 노동동,경상사고,0,0,1,0,차대사람 - 길가장자리구역통행중,안전운전불이행,포장 - 건조,맑음,단일로 - 기타,기타불명,기타불명,미분류,기타불명,보행자,여,37세,경상
2929,2019042000100492,2019년 4월 20일 17시,토요일,경상북도 포항시 북구 양덕동,경상사고,0,0,1,0,차대사람 - 기타,안전운전불이행,포장 - 건조,맑음,교차로 - 교차로안,화물,남,57세,상해없음,보행자,여,45세,경상
2930,2019042000100593,2019년 4월 20일 20시,토요일,경상북도 김천시 평화동,경상사고,0,0,1,0,차대사람 - 차도통행중,안전운전불이행,포장 - 건조,맑음,단일로 - 기타,승용,남,22세,상해없음,보행자,남,45세,경상
2931,2019042000100687,2019년 4월 20일 23시,토요일,경상북도 경산시 사동,부상신고사고,0,0,0,1,차대사람 - 기타,안전운전불이행,포장 - 건조,맑음,단일로 - 기타,기타불명,기타불명,미분류,기타불명,보행자,여,76세,부상신고
2932,2019042000100688,2019년 4월 20일 23시,토요일,경상북도 예천군 예천읍,중상사고,0,1,0,0,차대사람 - 횡단중,안전운전불이행,포장 - 건조,맑음,교차로 - 교차로안,화물,남,48세,상해없음,보행자,남,55세,중상
2933,2019042100100165,2019년 4월 21일 10시,일요일,경상북도 구미시 봉곡동,중상사고,0,1,0,0,차대사람 - 기타,안전운전불이행,포장 - 건조,맑음,단일로 - 기타,승용,여,46세,상해없음,보행자,여,63세,중상
2934,2019042100100211,2019년 4월 21일 12시,일요일,경상북도 포항시 남구 구룡포읍,경상사고,0,0,1,0,차대사람 - 기타,직진우회전진행방해,포장 - 건조,맑음,교차로 - 교차로안,승용,여,39세,상해없음,보행자,남,69세,경상
2935,2019042100100285,2019년 4월 21일 15시,일요일,경상북도 고령군 다산면,경상사고,0,0,1,0,차대사람 - 횡단중,안전운전불이행,포장 - 건조,맑음,기타 - 기타,자전거,남,8세,상해없음,보행자,여,77세,경상
2936,2019042100100407,2019년 4월 21일 20시,일요일,경상북도 포항시 북구 죽도동,경상사고,0,0,1,0,차대사람 - 횡단중,안전운전불이행,포장 - 건조,맑음,교차로 - 교차로횡단보도내,승용,남,19세,상해없음,보행자,여,11세,경상
2937,2019042200100140,2019년 4월 22일 08시,월요일,경상북도 김천시 남면,경상사고,0,0,1,0,차대사람 - 기타,안전운전불이행,포장 - 건조,맑음,단일로 - 기타,승용,남,58세,상해없음,보행자,남,52세,경상
2938,2019042200100141,2019년 4월 22일 08시,월요일,경상북도 상주시 서문동,경상사고,0,0,1,0,차대사람 - 횡단중,안전운전불이행,포장 - 건조,맑음,교차로 - 교차로안,화물,남,67세,상해없음,보행자,여,62세,경상
2939,2019042200100301,2019년 4월 22일 12시,월요일,경상북도 칠곡군 기산면,경상사고,0,0,1,0,차대사람 - 횡단중,안전운전불이행,포장 - 건조,맑음,단일로 - 기타,승용,여,25세,상해없음,보행자,남,19세,경상
2940,2019042200100382,2019년 4월 22일 14시,월요일,경상북도 경산시 하양읍,경상사고,0,0,1,0,차대사람 - 기타,보행자보호의무위반,포장 - 건조,맑음,단일로 - 기타,승용,남,52세,상해없음,보행자,남,6세,경상
2941,2019042200100703,2019년 4월 22일 23시,월요일,경상북도 구미시 원평동,경상사고,0,0,1,0,차대사람 - 기타,안전운전불이행,포장 - 건조,맑음,교차로 - 교차로안,승합,남,25세,상해없음,보행자,남,63세,경상
2942,2019042300100463,2019년 4월 23일 18시,화요일,경상북도 포항시 북구 두호동,경상사고,0,0,1,0,차대사람 - 기타,안전운전불이행,포장 - 젖음/습기,비,단일로 - 기타,기타불명,남,19세,상해없음,보행자,여,23세,경상
2943,2019042300100510,2019년 4월 23일 19시,화요일,경상북도 경주시 현곡면,경상사고,0,0,1,0,차대사람 - 기타,안전운전불이행,포장 - 젖음/습기,비,단일로 - 기타,승용,남,34세,상해없음,보행자,여,45세,경상
2944,2019042300100512,2019년 4월 23일 19시,화요일,경상북도 김천시 덕곡동,중상사고,0,1,0,0,차대사람 - 횡단중,안전운전불이행,포장 - 젖음/습기,비,교차로 - 교차로부근,승용,남,28세,상해없음,보행자,남,54세,중상
2945,2019042300100514,2019년 4월 23일 19시,화요일,경상북도 포항시 남구 지곡동,중상사고,0,1,0,1,차대사람 - 횡단중,보행자보호의무위반,포장 - 건조,맑음,교차로 - 교차로횡단보도내,이륜,남,67세,중상,보행자,남,63세,부상신고
2946,2019042300100551,2019년 4월 23일 20시,화요일,경상북도 구미시 진평동,중상사고,0,1,0,0,차대사람 - 횡단중,안전운전불이행,포장 - 젖음/습기,비,교차로 - 교차로횡단보도내,승용,남,48세,상해없음,보행자,남,32세,중상
2947,2019042300100596,2019년 4월 23일 21시,화요일,경상북도 경주시 동천동,중상사고,0,1,0,0,차대사람 - 길가장자리구역통행중,안전운전불이행,포장 - 젖음/습기,비,단일로 - 지하차도(도로)내,승용,남,54세,상해없음,보행자,남,41세,중상
2948,2019042300100624,2019년 4월 23일 22시,화요일,경상북도 경주시 황오동,중상사고,0,1,0,0,차대사람 - 횡단중,신호위반,포장 - 젖음/습기,맑음,교차로 - 교차로횡단보도내,승용,여,54세,상해없음,보행자,남,65세,중상
2949,2019042300100625,2019년 4월 23일 22시,화요일,경상북도 영주시 가흥동,중상사고,0,1,0,0,차대사람 - 기타,보행자보호의무위반,포장 - 젖음/습기,비,교차로 - 교차로횡단보도내,승용,남,58세,상해없음,보행자,남,62세,중상
2950,2019042300100647,2019년 4월 23일 23시,화요일,경상북도 안동시 옥동,중상사고,0,2,0,0,차대사람 - 기타,과속,포장 - 젖음/습기,비,교차로 - 교차로안,승용,남,44세,상해없음,보행자,남,40세,중상
2951,2019042400100036,2019년 4월 24일 00시,수요일,경상북도 포항시 북구 항구동,중상사고,0,1,0,0,차대사람 - 횡단중,안전운전불이행,포장 - 젖음/습기,비,단일로 - 기타,승용,남,58세,상해없음,보행자,남,54세,중상
2952,2019042400100255,2019년 4월 24일 10시,수요일,경상북도 문경시 모전동,경상사고,0,0,1,0,차대사람 - 횡단중,안전운전불이행,포장 - 건조,흐림,교차로 - 교차로안,승용,여,41세,상해없음,보행자,남,84세,경상
2953,2019042400100277,2019년 4월 24일 11시,수요일,경상북도 경주시 안강읍,경상사고,0,0,1,0,차대사람 - 길가장자리구역통행중,안전운전불이행,포장 - 건조,맑음,단일로 - 기타,승용,여,66세,상해없음,보행자,남,42세,경상
2954,2019042400100333,2019년 4월 24일 13시,수요일,경상북도 경산시 하양읍,경상사고,0,0,1,0,차대사람 - 횡단중,보행자보호의무위반,포장 - 건조,맑음,단일로 - 지하차도(도로)내,승용,남,47세,상해없음,보행자,남,7세,경상
2955,2019042400100404,2019년 4월 24일 15시,수요일,경상북도 포항시 북구 장성동,중상사고,0,1,0,0,차대사람 - 기타,안전운전불이행,포장 - 건조,맑음,단일로 - 기타,승합,남,54세,상해없음,보행자,남,69세,중상
2956,2019042400100531,2019년 4월 24일 18시,수요일,경상북도 안동시 임하면,경상사고,0,0,1,0,차대사람 - 기타,안전운전불이행,포장 - 건조,맑음,단일로 - 기타,화물,남,53세,상해없음,보행자,남,61세,경상
2957,2019042400100532,2019년 4월 24일 18시,수요일,경상북도 경산시 하양읍,중상사고,0,1,0,0,차대사람 - 차도통행중,안전운전불이행,포장 - 건조,맑음,단일로 - 기타,승용,남,58세,상해없음,보행자,여,57세,중상
2958,2019042400100575,2019년 4월 24일 19시,수요일,경상북도 안동시 송현동,경상사고,0,0,1,0,차대사람 - 횡단중,보행자보호의무위반,포장 - 건조,맑음,단일로 - 기타,승용,여,27세,상해없음,보행자,여,52세,경상
2959,2019042400100577,2019년 4월 24일 19시,수요일,경상북도 포항시 남구 오천읍,경상사고,0,0,1,0,차대사람 - 횡단중,안전운전불이행,포장 - 건조,맑음,교차로 - 교차로부근,승용,여,40세,상해없음,보행자,남,60세,경상
2960,2019042400100607,2019년 4월 24일 20시,수요일,경상북도 영주시 휴천동,중상사고,0,1,0,0,차대사람 - 차도통행중,안전운전불이행,포장 - 건조,맑음,기타 - 기타,기타불명,기타불명,미분류,기타불명,보행자,남,48세,중상
2961,2019042400100633,2019년 4월 24일 21시,수요일,경상북도 포항시 북구 대흥동,경상사고,0,0,1,0,차대사람 - 기타,안전운전불이행,포장 - 건조,맑음,단일로 - 기타,승용,남,66세,상해없음,보행자,여,22세,경상
2962,2019042400100651,2019년 4월 24일 22시,수요일,경상북도 안동시 서후면,경상사고,0,0,1,0,차대사람 - 보도통행중,안전운전불이행,포장 - 건조,맑음,단일로 - 기타,기타불명,기타불명,미분류,기타불명,보행자,여,20세,경상
2963,2019042500100133,2019년 4월 25일 08시,목요일,경상북도 김천시 평화동,중상사고,0,1,0,0,차대사람 - 기타,안전운전불이행,포장 - 젖음/습기,비,교차로 - 교차로부근,승용,남,31세,상해없음,보행자,여,69세,중상
2964,2019042500100134,2019년 4월 25일 08시,목요일,경상북도 칠곡군 석적읍,경상사고,0,0,1,0,차대사람 - 횡단중,안전운전불이행,포장 - 건조,맑음,교차로 - 교차로안,승용,남,33세,상해없음,보행자,여,81세,경상
2965,2019042500100135,2019년 4월 25일 08시,목요일,경상북도 구미시 공단동,경상사고,0,0,1,0,차대사람 - 기타,안전운전불이행,포장 - 건조,맑음,단일로 - 기타,승합,남,45세,상해없음,보행자,여,60세,경상
2966,2019042500100203,2019년 4월 25일 10시,목요일,경상북도 안동시 옥동,경상사고,0,0,1,0,차대사람 - 보도통행중,보행자보호의무위반,포장 - 건조,맑음,교차로 - 교차로횡단보도내,승용,여,35세,상해없음,보행자,여,60세,경상
2967,2019042500100430,2019년 4월 25일 17시,목요일,경상북도 경주시 시래동,경상사고,0,0,1,0,차대사람 - 차도통행중,안전운전불이행,포장 - 건조,맑음,단일로 - 기타,승용,여,42세,상해없음,보행자,남,2세,경상
2968,2019042500100542,2019년 4월 25일 19시,목요일,경상북도 안동시 옥야동,경상사고,0,0,1,0,차대사람 - 보도통행중,신호위반,포장 - 건조,흐림,단일로 - 기타,승용,여,30세,상해없음,보행자,남,45세,경상
2969,2019042500100543,2019년 4월 25일 19시,목요일,경상북도 김천시 감문면,중상사고,0,2,0,0,차대사람 - 기타,안전운전불이행,포장 - 젖음/습기,비,단일로 - 기타,화물,남,60세,상해없음,보행자,남,50세,중상