,사고번호,사고일시,요일,시군구,사고내용,사망자수,중상자수,경상자수,부상신고자수,사고유형,법규위반,노면상태,기상상태,도로형태,가해운전자 차종,가해운전자 성별,가해운전자 연령,가해운전자 상해정도,피해운전자 차종,피해운전자 성별,피해운전자 연령,피해운전자 상해정도
3079,2019051100100367,2019년 5월 11일 13시,토요일,경상북도 안동시 풍산읍,중상사고,0,1,0,0,차대사람 - 기타,안전운전불이행,포장 - 건조,맑음,단일로 - 기타,승용,남,59세,상해없음,보행자,남,69세,중상
3080,2019051100100420,2019년 5월 11일 14시,토요일,경상북도 구미시 남통동,중상사고,0,1,0,0,차대사람 - 기타,안전운전불이행,포장 - 건조,맑음,단일로 - 기타,승용,여,52세,상해없음,보행자,남,2세,중상
3081,2019051100100457,2019년 5월 11일 15시,토요일,경상북도 포항시 북구 대흥동,경상사고,0,0,1,0,차대사람 - 횡단중,안전운전불이행,포장 - 건조,맑음,단일로 - 기타,승용,여,28세,상해없음,보행자,여,54세,경상
3082,2019051100100500,2019년 5월 11일 16시,토요일,경상북도 구미시 지산동,중상사고,0,1,0,0,차대사람 - 기타,안전운전불이행,포장 - 건조,맑음,단일로 - 기타,승용,남,65세,상해없음,보행자,남,3세,중상
3083,2019051100100626,2019년 5월 11일 19시,토요일,경상북도 포항시 북구 두호동,중상사고,0,1,0,0,차대사람 - 횡단중,신호위반,포장 - 건조,맑음,교차로 - 교차로부근,승용,남,72세,상해없음,보행자,여,59세,중상
3084,2019051200100034,2019년 5월 12일 00시,일요일,경상북도 구미시 원평동,경상사고,0,0,2,0,차대사람 - 기타,안전운전불이행,포장 - 건조,맑음,단일로 - 기타,승용,남,20세,상해없음,보행자,남,16세,경상
3085,2019051200100132,2019년 5월 12일 08시,일요일,경상북도 군위군 효령면,중상사고,0,1,0,0,차대사람 - 차도통행중,중앙선침범,포장 - 건조,맑음,단일로 - 기타,화물,남,74세,상해없음,보행자,여,74세,중상
3086,2019051200100335,2019년 5월 12일 15시,일요일,경상북도 구미시 도량동,중상사고,0,1,1,0,차대사람 - 횡단중,보행자보호의무위반,포장 - 건조,맑음,단일로 - 기타,승용,남,54세,상해없음,보행자,여,10세,경상
3087,2019051200100499,2019년 5월 12일 20시,일요일,경상북도 포항시 북구 기계면,경상사고,0,0,1,0,차대사람 - 기타,안전운전불이행,포장 - 건조,맑음,단일로 - 기타,승용,남,70세,상해없음,보행자,남,55세,경상
3088,2019051200100556,2019년 5월 12일 23시,일요일,경상북도 포항시 남구 상도동,중상사고,0,1,0,0,차대사람 - 횡단중,안전운전불이행,포장 - 건조,맑음,교차로 - 교차로부근,승용,남,66세,상해없음,보행자,여,21세,중상
3089,2019051300100174,2019년 5월 13일 09시,월요일,경상북도 경주시 동천동,중상사고,0,1,0,0,차대사람 - 차도통행중,안전운전불이행,포장 - 건조,맑음,단일로 - 기타,이륜,남,71세,상해없음,보행자,여,40세,중상
3090,2019051300100277,2019년 5월 13일 12시,월요일,경상북도 상주시 남성동,경상사고,0,0,1,0,차대사람 - 길가장자리구역통행중,안전운전불이행,포장 - 건조,맑음,단일로 - 기타,승용,여,68세,상해없음,보행자,남,22세,경상
3091,2019051300100308,2019년 5월 13일 13시,월요일,경상북도 경산시 진량읍,중상사고,0,1,0,0,차대사람 - 횡단중,안전운전불이행,포장 - 건조,맑음,단일로 - 기타,승용,남,22세,상해없음,보행자,남,18세,중상
3092,2019051300100537,2019년 5월 13일 19시,월요일,경상북도 영천시 조교동,중상사고,0,1,0,0,차대사람 - 보도통행중,보행자보호의무위반,포장 - 건조,맑음,교차로 - 교차로횡단보도내,승용,남,55세,상해없음,보행자,남,35세,중상
3093,2019051300100569,2019년 5월 13일 20시,월요일,경상북도 경산시 백천동,경상사고,0,0,1,0,차대사람 - 차도통행중,안전운전불이행,포장 - 건조,맑음,교차로 - 교차로부근,승용,남,69세,상해없음,보행자,남,41세,경상
3094,2019051300100570,2019년 5월 13일 20시,월요일,경상북도 경산시 압량면,경상사고,0,0,1,0,차대사람 - 차도통행중,안전운전불이행,포장 - 건조,맑음,단일로 - 지하차도(도로)내,이륜,남,37세,상해없음,보행자,여,48세,경상
3095,2019051300100623,2019년 5월 13일 22시,월요일,경상북도 영천시 문외동,경상사고,0,0,1,0,차대사람 - 횡단중,안전운전불이행,포장 - 건조,맑음,교차로 - 교차로안,승용,남,33세,상해없음,보행자,여,31세,경상
3096,2019051400100096,2019년 5월 14일 07시,화요일,경상북도 구미시 해평면,경상사고,0,0,1,0,차대사람 - 기타,기타,포장 - 건조,맑음,단일로 - 기타,승용,남,60세,상해없음,보행자,여,16세,경상
3097,2019051400100127,2019년 5월 14일 08시,화요일,경상북도 경주시 천북면,경상사고,0,0,1,0,차대사람 - 길가장자리구역통행중,안전운전불이행,포장 - 건조,맑음,단일로 - 기타,승용,남,80세,상해없음,보행자,남,76세,경상
3098,2019051400100273,2019년 5월 14일 12시,화요일,경상북도 칠곡군 왜관읍,경상사고,0,0,1,0,차대사람 - 차도통행중,안전운전불이행,포장 - 건조,맑음,단일로 - 지하차도(도로)내,승용,여,53세,상해없음,보행자,남,59세,경상
3099,2019051400100420,2019년 5월 14일 16시,화요일,경상북도 김천시 용두동,중상사고,0,1,0,0,차대사람 - 차도통행중,교차로운행방법위반,포장 - 건조,맑음,교차로 - 교차로안,승용,남,62세,상해없음,보행자,남,8세,중상
3100,2019051400100527,2019년 5월 14일 18시,화요일,경상북도 영천시 문외동,경상사고,0,0,1,0,차대사람 - 기타,안전운전불이행,포장 - 건조,맑음,교차로 - 교차로안,특수,남,30세,상해없음,보행자,여,37세,경상
3101,2019051500100092,2019년 5월 15일 06시,수요일,경상북도 경산시 자인면,경상사고,0,0,1,0,차대사람 - 기타,보행자보호의무위반,포장 - 건조,맑음,교차로 - 교차로횡단보도내,화물,남,72세,상해없음,보행자,여,80세,경상
3102,2019051500100350,2019년 5월 15일 13시,수요일,경상북도 칠곡군 왜관읍,중상사고,0,1,0,0,차대사람 - 횡단중,안전운전불이행,포장 - 건조,맑음,교차로 - 교차로안,승용,남,54세,상해없음,보행자,여,58세,중상
3103,2019051500100380,2019년 5월 15일 14시,수요일,경상북도 성주군 성주읍,경상사고,0,0,1,0,차대사람 - 기타,안전운전불이행,포장 - 건조,맑음,교차로 - 교차로안,승용,여,47세,상해없음,보행자,남,18세,경상
3104,2019051600100262,2019년 5월 16일 10시,목요일,경상북도 김천시 모암동,경상사고,0,0,1,0,차대사람 - 차도통행중,안전운전불이행,포장 - 건조,맑음,단일로 - 기타,승용,여,53세,상해없음,보행자,여,38세,경상
3105,2019051600100619,2019년 5월 16일 19시,목요일,경상북도 울진군 북면,중상사고,0,1,0,0,차대사람 - 길가장자리구역통행중,안전운전불이행,포장 - 건조,맑음,단일로 - 기타,승용,여,27세,상해없음,보행자,남,51세,중상
3106,2019051600100645,2019년 5월 16일 20시,목요일,경상북도 영덕군 달산면,사망사고,1,0,0,0,차대사람 - 차도통행중,안전운전불이행,포장 - 건조,맑음,단일로 - 기타,승용,남,63세,상해없음,보행자,남,48세,사망
3107,2019051600100703,2019년 5월 16일 22시,목요일,경상북도 구미시 형곡동,경상사고,0,0,1,0,차대사람 - 기타,안전운전불이행,포장 - 건조,맑음,단일로 - 기타,승용,남,56세,상해없음,보행자,여,24세,경상
3108,2019051700100112,2019년 5월 17일 07시,금요일,경상북도 경산시 조영동,경상사고,0,0,1,0,차대사람 - 보도통행중,기타,포장 - 건조,맑음,단일로 - 기타,승용,남,31세,상해없음,보행자,남,22세,경상
3109,2019051700100155,2019년 5월 17일 08시,금요일,경상북도 포항시 북구 덕수동,중상사고,0,1,0,0,차대사람 - 횡단중,안전운전불이행,포장 - 건조,맑음,단일로 - 기타,승용,남,50세,상해없음,보행자,남,36세,중상
3110,2019051700100156,2019년 5월 17일 08시,금요일,경상북도 경산시 하양읍,경상사고,0,0,1,0,차대사람 - 기타,안전운전불이행,포장 - 건조,맑음,교차로 - 교차로부근,승용,남,37세,기타불명,보행자,남,71세,경상
3111,2019051700100185,2019년 5월 17일 09시,금요일,경상북도 영천시 금호읍,경상사고,0,0,1,0,차대사람 - 길가장자리구역통행중,안전운전불이행,포장 - 건조,맑음,단일로 - 기타,승용,남,77세,상해없음,보행자,남,48세,경상
3112,2019051700100315,2019년 5월 17일 13시,금요일,경상북도 경산시 하양읍,경상사고,0,0,1,0,차대사람 - 기타,안전운전불이행,포장 - 건조,맑음,단일로 - 기타,승용,여,38세,기타불명,보행자,여,8세,경상
3113,2019051700100316,2019년 5월 17일 13시,금요일,경상북도 울진군 후포면,사망사고,1,0,0,0,차대사람 - 횡단중,보행자보호의무위반,포장 - 건조,맑음,단일로 - 기타,승용,남,56세,상해없음,보행자,남,77세,사망
3114,2019051700100351,2019년 5월 17일 14시,금요일,경상북도 구미시 원평동,경상사고,0,0,1,0,차대사람 - 기타,보행자보호의무위반,포장 - 건조,맑음,교차로 - 교차로횡단보도내,승용,남,40세,상해없음,보행자,남,70세,경상
3115,2019051700100479,2019년 5월 17일 17시,금요일,경상북도 상주시 냉림동,중상사고,0,1,0,0,차대사람 - 횡단중,안전운전불이행,포장 - 건조,맑음,단일로 - 기타,승용,여,49세,상해없음,보행자,여,13세,중상
3116,2019051700100525,2019년 5월 17일 18시,금요일,경상북도 칠곡군 왜관읍,경상사고,0,0,1,0,차대사람 - 차도통행중,안전운전불이행,포장 - 건조,맑음,단일로 - 기타,승용,여,27세,상해없음,보행자,남,26세,경상
3117,2019051700100573,2019년 5월 17일 19시,금요일,경상북도 김천시 신음동,중상사고,0,1,0,0,차대사람 - 횡단중,안전운전불이행,포장 - 건조,맑음,단일로 - 기타,승용,여,61세,상해없음,보행자,남,47세,중상
3118,2019051700100575,2019년 5월 17일 19시,금요일,경상북도 칠곡군 북삼읍,중상사고,0,1,1,0,차대사람 - 길가장자리구역통행중,안전운전불이행,포장 - 건조,맑음,교차로 - 교차로부근,이륜,남,38세,중상,보행자,남,14세,경상
3119,2019051700100577,2019년 5월 17일 19시,금요일,경상북도 경산시 계양동,부상신고사고,0,0,0,1,차대사람 - 기타,안전운전불이행,포장 - 건조,맑음,단일로 - 기타,기타불명,기타불명,미분류,기타불명,보행자,남,67세,부상신고
3120,2019051700100685,2019년 5월 17일 22시,금요일,경상북도 포항시 북구 학잠동,중상사고,0,1,0,0,차대사람 - 횡단중,보행자보호의무위반,포장 - 건조,맑음,교차로 - 교차로횡단보도내,승합,남,68세,상해없음,보행자,남,57세,중상
3121,2019051800100091,2019년 5월 18일 02시,토요일,경상북도 경주시 석장동,경상사고,0,0,1,0,차대사람 - 길가장자리구역통행중,안전운전불이행,포장 - 건조,맑음,교차로 - 교차로부근,승용,남,45세,상해없음,보행자,남,21세,경상
3122,2019051800100319,2019년 5월 18일 12시,토요일,경상북도 포항시 남구 연일읍,중상사고,0,1,0,0,차대사람 - 횡단중,보행자보호의무위반,포장 - 건조,맑음,교차로 - 교차로안,화물,남,36세,상해없음,보행자,여,58세,중상
3123,2019051800100365,2019년 5월 18일 13시,토요일,경상북도 영양군 일월면,경상사고,0,0,1,0,차대사람 - 횡단중,안전운전불이행,포장 - 건조,맑음,단일로 - 기타,화물,남,25세,상해없음,보행자,남,76세,경상
3124,2019051800100476,2019년 5월 18일 16시,토요일,경상북도 칠곡군 왜관읍,경상사고,0,0,1,0,차대사람 - 기타,안전운전불이행,포장 - 건조,맑음,단일로 - 기타,승용,남,22세,상해없음,보행자,여,60세,경상
3125,2019051800100581,2019년 5월 18일 19시,토요일,경상북도 영천시 완산동,중상사고,0,1,0,0,차대사람 - 차도통행중,안전운전불이행,포장 - 건조,맑음,교차로 - 교차로안,승용,남,74세,상해없음,보행자,여,36세,중상
3126,2019051800100687,2019년 5월 18일 23시,토요일,경상북도 포항시 남구 연일읍,중상사고,0,1,0,0,차대사람 - 횡단중,안전운전불이행,포장 - 건조,맑음,교차로 - 교차로부근,승용,남,29세,상해없음,보행자,여,36세,중상
3127,2019051900100154,2019년 5월 19일 09시,일요일,경상북도 청도군 화양읍,경상사고,0,0,1,0,차대사람 - 횡단중,안전운전불이행,포장 - 건조,맑음,교차로 - 교차로안,화물,남,55세,상해없음,보행자,여,81세,경상
3128,2019051900100282,2019년 5월 19일 14시,일요일,경상북도 상주시 무양동,경상사고,0,0,1,0,차대사람 - 길가장자리구역통행중,안전운전불이행,포장 - 젖음/습기,흐림,단일로 - 기타,화물,남,79세,상해없음,보행자,여,13세,경상
3129,2019051900100346,2019년 5월 19일 16시,일요일,경상북도 안동시 운흥동,경상사고,0,0,1,0,차대사람 - 기타,안전운전불이행,포장 - 젖음/습기,비,단일로 - 기타,화물,남,63세,상해없음,보행자,남,32세,경상
3130,2019051900100425,2019년 5월 19일 18시,일요일,경상북도 울릉군 울릉읍,중상사고,0,1,0,0,차대사람 - 기타,안전운전불이행,포장 - 건조,맑음,단일로 - 기타,승용,남,41세,상해없음,보행자,남,69세,중상
3131,2019051900100459,2019년 5월 19일 19시,일요일,경상북도 영덕군 강구면,사망사고,1,0,0,0,차대사람 - 횡단중,안전운전불이행,포장 - 젖음/습기,비,교차로 - 교차로안,승용,남,49세,상해없음,보행자,여,79세,사망
3132,2019051900100461,2019년 5월 19일 19시,일요일,경상북도 구미시 도량동,경상사고,0,0,1,0,차대사람 - 기타,안전운전불이행,포장 - 젖음/습기,비,기타 - 기타,승용,남,44세,상해없음,보행자,남,30세,경상
3133,2019051900100569,2019년 5월 19일 22시,일요일,경상북도 포항시 남구 연일읍,경상사고,0,0,2,0,차대사람 - 횡단중,신호위반,포장 - 젖음/습기,비,단일로 - 기타,이륜,남,73세,경상,보행자,여,46세,경상
3134,2019052000100092,2019년 5월 20일 07시,월요일,경상북도 봉화군 석포면,경상사고,0,0,1,0,차대사람 - 기타,안전운전불이행,포장 - 젖음/습기,비,교차로 - 교차로부근,기타불명,기타불명,미분류,기타불명,보행자,여,63세,경상
3135,2019052000100093,2019년 5월 20일 07시,월요일,경상북도 구미시 옥계동,부상신고사고,0,0,0,1,차대사람 - 횡단중,안전운전불이행,포장 - 젖음/습기,비,교차로 - 교차로부근,승용,여,43세,상해없음,보행자,여,15세,부상신고
3136,2019052000100317,2019년 5월 20일 13시,월요일,경상북도 포항시 남구 상도동,경상사고,0,0,1,0,차대사람 - 차도통행중,안전운전불이행,포장 - 건조,맑음,단일로 - 기타,화물,남,64세,상해없음,보행자,남,21세,경상
3137,2019052000100349,2019년 5월 20일 14시,월요일,경상북도 경주시 감포읍,경상사고,0,0,1,0,차대사람 - 길가장자리구역통행중,안전운전불이행,포장 - 건조,맑음,단일로 - 기타,승용,여,44세,상해없음,보행자,남,29세,경상
3138,2019052000100450,2019년 5월 20일 16시,월요일,경상북도 구미시 봉곡동,중상사고,0,1,0,0,차대사람 - 횡단중,보행자보호의무위반,포장 - 건조,맑음,단일로 - 기타,승용,여,44세,상해없음,보행자,남,13세,중상
3139,2019052000100451,2019년 5월 20일 16시,월요일,경상북도 구미시 송정동,중상사고,0,1,0,0,차대사람 - 횡단중,보행자보호의무위반,포장 - 건조,맑음,교차로 - 교차로안,화물,남,65세,상해없음,보행자,여,72세,중상
3140,2019052000100507,2019년 5월 20일 17시,월요일,경상북도 청도군 청도읍,중상사고,0,1,0,0,차대사람 - 횡단중,안전운전불이행,포장 - 건조,맑음,단일로 - 기타,승용,남,42세,상해없음,보행자,남,13세,중상
3141,2019052000100553,2019년 5월 20일 18시,월요일,경상북도 포항시 북구 장성동,경상사고,0,0,1,0,차대사람 - 횡단중,신호위반,포장 - 건조,맑음,교차로 - 교차로횡단보도내,이륜,남,18세,기타불명,보행자,남,48세,경상
3142,2019052000100554,2019년 5월 20일 18시,월요일,경상북도 칠곡군 동명면,경상사고,0,0,1,0,차대사람 - 횡단중,안전운전불이행,포장 - 건조,맑음,교차로 - 교차로부근,화물,남,65세,상해없음,보행자,여,16세,경상
3143,2019052000100555,2019년 5월 20일 18시,월요일,경상북도 경산시 중산동,중상사고,0,1,0,0,차대사람 - 횡단중,보행자보호의무위반,포장 - 건조,맑음,단일로 - 기타,승합,남,53세,상해없음,보행자,남,62세,중상
3144,2019052000100556,2019년 5월 20일 18시,월요일,경상북도 구미시 인의동,중상사고,0,1,0,0,차대사람 - 횡단중,안전운전불이행,포장 - 건조,맑음,교차로 - 교차로안,승용,남,34세,상해없음,보행자,남,81세,중상
3145,2019052100100292,2019년 5월 21일 11시,화요일,경상북도 김천시 부곡동,중상사고,0,1,0,0,차대사람 - 기타,안전운전불이행,포장 - 건조,맑음,단일로 - 기타,승용,남,80세,상해없음,보행자,여,72세,중상
3146,2019052100100293,2019년 5월 21일 11시,화요일,경상북도 상주시 남성동,중상사고,0,1,0,0,차대사람 - 횡단중,보행자보호의무위반,포장 - 건조,맑음,교차로 - 교차로안,승용,남,71세,상해없음,보행자,여,47세,중상
3147,2019052100100325,2019년 5월 21일 12시,화요일,경상북도 청도군 풍각면,부상신고사고,0,0,0,1,차대사람 - 횡단중,안전운전불이행,포장 - 건조,맑음,단일로 - 기타,승용,여,62세,상해없음,보행자,남,46세,부상신고
3148,2019052100100384,2019년 5월 21일 14시,화요일,경상북도 포항시 북구 대신동,부상신고사고,0,0,0,1,차대사람 - 기타,신호위반,포장 - 건조,맑음,교차로 - 교차로안,승용,남,59세,상해없음,보행자,여,69세,부상신고
3149,2019052100100419,2019년 5월 21일 15시,화요일,경상북도 경산시 하양읍,중상사고,0,1,0,0,차대사람 - 횡단중,안전운전불이행,포장 - 건조,맑음,단일로 - 기타,승용,여,49세,상해없음,보행자,여,20세,중상
3150,2019052100100567,2019년 5월 21일 18시,화요일,경상북도 김천시 봉산면,중상사고,0,1,0,0,차대사람 - 기타,기타,포장 - 건조,맑음,단일로 - 기타,승합,남,54세,상해없음,보행자,여,72세,중상
3151,2019052200100222,2019년 5월 22일 09시,수요일,경상북도 경산시 사동,경상사고,0,0,1,0,차대사람 - 차도통행중,안전운전불이행,포장 - 건조,맑음,교차로 - 교차로부근,승용,남,37세,상해없음,보행자,여,76세,경상
3152,2019052200100280,2019년 5월 22일 11시,수요일,경상북도 경산시 대평동,중상사고,0,1,0,0,차대사람 - 횡단중,안전운전불이행,포장 - 건조,맑음,교차로 - 교차로안,승용,여,52세,상해없음,보행자,여,86세,중상
3153,2019052200100281,2019년 5월 22일 11시,수요일,경상북도 포항시 남구 대도동,경상사고,0,0,1,0,차대사람 - 길가장자리구역통행중,안전운전불이행,포장 - 건조,맑음,단일로 - 기타,승용,여,67세,상해없음,보행자,여,46세,경상
3154,2019052200100314,2019년 5월 22일 12시,수요일,경상북도 봉화군 봉성면,중상사고,0,1,0,0,차대사람 - 횡단중,안전운전불이행,포장 - 건조,맑음,단일로 - 기타,이륜,남,25세,상해없음,보행자,여,59세,중상
3155,2019052200100352,2019년 5월 22일 13시,수요일,경상북도 성주군 성주읍,중상사고,0,1,0,0,차대사람 - 횡단중,보행자보호의무위반,포장 - 건조,맑음,단일로 - 기타,화물,남,28세,상해없음,보행자,여,7세,중상
3156,2019052200100353,2019년 5월 22일 13시,수요일,경상북도 구미시 도량동,중상사고,0,1,0,0,차대사람 - 횡단중,중앙선침범,포장 - 건조,맑음,교차로 - 교차로부근,승용,남,21세,상해없음,보행자,여,50세,중상
3157,2019052200100602,2019년 5월 22일 19시,수요일,경상북도 경주시 황성동,경상사고,0,0,1,0,차대사람 - 길가장자리구역통행중,안전운전불이행,포장 - 건조,맑음,단일로 - 기타,기타불명,기타불명,미분류,기타불명,보행자,여,54세,경상
3158,2019052300100411,2019년 5월 23일 15시,목요일,경상북도 안동시 안흥동,경상사고,0,0,1,0,차대사람 - 길가장자리구역통행중,안전운전불이행,포장 - 건조,맑음,단일로 - 기타,화물,남,77세,상해없음,보행자,남,78세,경상
3159,2019052300100413,2019년 5월 23일 15시,목요일,경상북도 경산시 하양읍,경상사고,0,0,1,0,차대사람 - 횡단중,안전운전불이행,포장 - 건조,맑음,단일로 - 기타,승용,남,44세,상해없음,보행자,남,19세,경상
3160,2019052300100492,2019년 5월 23일 17시,목요일,경상북도 안동시 운흥동,중상사고,0,1,0,0,차대사람 - 보도통행중,안전운전불이행,포장 - 건조,맑음,교차로 - 교차로횡단보도내,승용,남,48세,상해없음,보행자,남,46세,중상
3161,2019052300100494,2019년 5월 23일 17시,목요일,경상북도 포항시 남구 상도동,경상사고,0,0,1,0,차대사람 - 보도통행중,보행자보호의무위반,포장 - 건조,맑음,교차로 - 교차로횡단보도내,승용,여,50세,상해없음,보행자,여,62세,경상
3162,2019052300100670,2019년 5월 23일 21시,목요일,경상북도 경산시 진량읍,중상사고,0,1,0,0,차대사람 - 기타,안전운전불이행,포장 - 건조,맑음,교차로 - 교차로안,화물,남,44세,상해없음,보행자,남,22세,중상
3163,2019052400100198,2019년 5월 24일 09시,금요일,경상북도 경주시 황오동,경상사고,0,0,1,0,차대사람 - 횡단중,안전운전불이행,포장 - 건조,맑음,교차로 - 교차로부근,승용,여,46세,상해없음,보행자,여,21세,경상
3164,2019052400100233,2019년 5월 24일 10시,금요일,경상북도 안동시 송현동,경상사고,0,0,1,0,차대사람 - 기타,안전운전불이행,포장 - 건조,맑음,단일로 - 기타,화물,남,45세,상해없음,보행자,남,40세,경상
3165,2019052400100265,2019년 5월 24일 11시,금요일,경상북도 영덕군 영덕읍,중상사고,0,1,0,0,차대사람 - 차도통행중,안전운전불이행,포장 - 건조,맑음,교차로 - 교차로안,화물,남,65세,상해없음,보행자,여,75세,중상
3166,2019052400100543,2019년 5월 24일 17시,금요일,경상북도 포항시 북구 죽도동,사망사고,1,0,0,0,차대사람 - 횡단중,안전운전불이행,포장 - 건조,맑음,단일로 - 기타,승용,여,60세,상해없음,보행자,여,78세,사망
3167,2019052400100546,2019년 5월 24일 17시,금요일,경상북도 구미시 형곡동,경상사고,0,0,1,0,차대사람 - 기타,안전운전불이행,포장 - 건조,맑음,단일로 - 기타,승용,여,71세,상해없음,보행자,남,59세,경상
3168,2019052400100547,2019년 5월 24일 17시,금요일,경상북도 포항시 남구 구룡포읍,경상사고,0,0,1,0,차대사람 - 기타,안전운전불이행,포장 - 건조,맑음,단일로 - 기타,승용,남,58세,상해없음,보행자,남,56세,경상
3169,2019052400100599,2019년 5월 24일 18시,금요일,경상북도 경산시 백천동,중상사고,0,1,0,0,차대사람 - 횡단중,보행자보호의무위반,포장 - 건조,맑음,교차로 - 교차로횡단보도내,승용,남,31세,상해없음,보행자,여,66세,중상
3170,2019052400100744,2019년 5월 24일 22시,금요일,경상북도 구미시 옥계동,경상사고,0,0,2,0,차대사람 - 기타,안전운전불이행,포장 - 건조,맑음,단일로 - 기타,승용,남,25세,상해없음,보행자,남,37세,경상
3171,2019052400100776,2019년 5월 24일 23시,금요일,경상북도 구미시 사곡동,중상사고,0,1,0,0,차대사람 - 횡단중,보행자보호의무위반,포장 - 건조,맑음,교차로 - 교차로안,승용,남,60세,상해없음,보행자,남,48세,중상
3172,2019052400100777,2019년 5월 24일 23시,금요일,경상북도 포항시 남구 오천읍,경상사고,0,0,1,0,차대사람 - 기타,안전운전불이행,포장 - 건조,맑음,단일로 - 기타,기타불명,기타불명,미분류,기타불명,보행자,남,18세,경상
3173,2019052500100189,2019년 5월 25일 09시,토요일,경상북도 경주시 외동읍,경상사고,0,0,1,0,차대사람 - 길가장자리구역통행중,안전운전불이행,포장 - 건조,맑음,교차로 - 교차로부근,화물,남,51세,상해없음,보행자,남,46세,경상
3174,2019052500100190,2019년 5월 25일 09시,토요일,경상북도 경주시 건천읍,경상사고,0,0,1,0,차대사람 - 횡단중,안전운전불이행,포장 - 건조,맑음,단일로 - 기타,승용,여,45세,상해없음,보행자,남,7세,경상
3175,2019052500100191,2019년 5월 25일 09시,토요일,경상북도 포항시 북구 흥해읍,중상사고,0,1,0,0,차대사람 - 횡단중,보행자보호의무위반,포장 - 건조,맑음,단일로 - 기타,승용,여,51세,상해없음,보행자,여,60세,중상
3176,2019052500100262,2019년 5월 25일 11시,토요일,경상북도 칠곡군 왜관읍,중상사고,0,1,0,0,차대사람 - 횡단중,안전운전불이행,포장 - 건조,맑음,단일로 - 기타,화물,남,66세,상해없음,보행자,남,81세,중상
3177,2019052500100422,2019년 5월 25일 15시,토요일,경상북도 경주시 충효동,중상사고,0,1,0,0,차대사람 - 보도통행중,기타,포장 - 건조,맑음,단일로 - 기타,승용,남,71세,상해없음,보행자,여,38세,중상
3178,2019052500100568,2019년 5월 25일 19시,토요일,경상북도 군위군 소보면,중상사고,0,1,0,0,차대사람 - 기타,안전운전불이행,포장 - 건조,맑음,기타 - 기타,화물,남,61세,기타불명,보행자,남,58세,중상
3179,2019052500100597,2019년 5월 25일 20시,토요일,경상북도 구미시 광평동,부상신고사고,0,0,0,1,차대사람 - 횡단중,안전운전불이행,포장 - 건조,맑음,단일로 - 기타,기타불명,기타불명,미분류,기타불명,보행자,여,29세,부상신고
3180,2019052500100633,2019년 5월 25일 21시,토요일,경상북도 영주시 풍기읍,경상사고,0,0,1,0,차대사람 - 기타,중앙선침범,포장 - 건조,맑음,단일로 - 기타,승용,남,48세,상해없음,보행자,남,70세,경상
3181,2019052500100635,2019년 5월 25일 21시,토요일,경상북도 구미시 공단동,중상사고,0,1,0,1,차대사람 - 횡단중,안전운전불이행,포장 - 건조,맑음,단일로 - 기타,원동기,남,22세,부상신고,보행자,남,64세,중상
3182,2019052600100226,2019년 5월 26일 12시,일요일,경상북도 안동시 법흥동,경상사고,0,0,1,0,차대사람 - 기타,안전운전불이행,포장 - 건조,맑음,교차로 - 교차로안,승용,여,36세,상해없음,보행자,남,68세,경상
3183,2019052600100482,2019년 5월 26일 20시,일요일,경상북도 포항시 북구 항구동,경상사고,0,0,1,0,차대사람 - 보도통행중,신호위반,포장 - 건조,맑음,단일로 - 기타,원동기,여,30세,상해없음,보행자,남,54세,경상
3184,2019052700100161,2019년 5월 27일 08시,월요일,경상북도 포항시 남구 송도동,부상신고사고,0,0,0,1,차대사람 - 기타,안전운전불이행,포장 - 젖음/습기,비,교차로 - 교차로안,승용,남,49세,상해없음,보행자,남,79세,부상신고
3185,2019052700100352,2019년 5월 27일 13시,월요일,경상북도 포항시 북구 양덕동,경상사고,0,0,1,0,차대사람 - 기타,안전운전불이행,포장 - 건조,맑음,단일로 - 기타,승용,남,57세,상해없음,보행자,남,60세,경상
3186,2019052700100388,2019년 5월 27일 14시,월요일,경상북도 경산시 진량읍,중상사고,0,1,0,0,차대사람 - 횡단중,안전운전불이행,포장 - 젖음/습기,비,단일로 - 기타,승합,남,58세,상해없음,보행자,여,85세,중상
3187,2019052700100482,2019년 5월 27일 17시,월요일,경상북도 안동시 삼산동,경상사고,0,0,1,0,차대사람 - 길가장자리구역통행중,안전운전불이행,포장 - 건조,맑음,교차로 - 교차로안,승용,남,49세,상해없음,보행자,여,29세,경상