,사고번호,사고일시,요일,시군구,사고내용,사망자수,중상자수,경상자수,부상신고자수,사고유형,법규위반,노면상태,기상상태,도로형태,가해운전자 차종,가해운전자 성별,가해운전자 연령,가해운전자 상해정도,피해운전자 차종,피해운전자 성별,피해운전자 연령,피해운전자 상해정도
3188,2019052700100524,2019년 5월 27일 18시,월요일,경상북도 구미시 상모동,중상사고,0,1,0,0,차대사람 - 기타,안전운전불이행,포장 - 젖음/습기,흐림,단일로 - 기타,화물,남,51세,상해없음,보행자,여,5세,중상
3189,2019052700100581,2019년 5월 27일 20시,월요일,경상북도 청도군 운문면,사망사고,1,0,0,0,차대사람 - 횡단중,보행자보호의무위반,포장 - 젖음/습기,비,단일로 - 기타,승용,남,66세,상해없음,보행자,여,77세,사망
3190,2019052800100109,2019년 5월 28일 07시,화요일,경상북도 포항시 북구 항구동,중상사고,0,1,0,0,차대사람 - 기타,신호위반,포장 - 젖음/습기,맑음,단일로 - 기타,원동기,남,25세,상해없음,보행자,여,74세,중상
3191,2019052800100110,2019년 5월 28일 07시,화요일,경상북도 영천시 야사동,경상사고,0,0,1,0,차대사람 - 차도통행중,안전운전불이행,포장 - 건조,맑음,단일로 - 기타,승용,남,52세,상해없음,보행자,여,73세,경상
3192,2019052800100112,2019년 5월 28일 07시,화요일,경상북도 구미시 원평동,중상사고,0,1,0,0,차대사람 - 횡단중,보행자보호의무위반,포장 - 건조,맑음,교차로 - 교차로횡단보도내,승용,여,45세,기타불명,보행자,여,14세,중상
3193,2019052800100193,2019년 5월 28일 09시,화요일,경상북도 안동시 북후면,중상사고,0,1,0,0,차대사람 - 기타,안전운전불이행,포장 - 건조,맑음,주차장 - 주차장,승용,남,49세,상해없음,보행자,남,57세,중상
3194,2019052800100263,2019년 5월 28일 11시,화요일,경상북도 김천시 남산동,중상사고,0,1,0,0,차대사람 - 차도통행중,안전운전불이행,포장 - 건조,맑음,교차로 - 교차로부근,화물,남,58세,기타불명,보행자,남,80세,중상
3195,2019052800100287,2019년 5월 28일 12시,화요일,경상북도 포항시 북구 죽도동,경상사고,0,0,1,0,차대사람 - 길가장자리구역통행중,안전운전불이행,포장 - 건조,맑음,단일로 - 기타,이륜,여,45세,상해없음,보행자,남,77세,경상
3196,2019052800100420,2019년 5월 28일 15시,화요일,경상북도 봉화군 물야면,경상사고,0,0,1,0,차대사람 - 횡단중,안전운전불이행,포장 - 건조,맑음,단일로 - 기타,화물,남,58세,상해없음,보행자,여,88세,경상
3197,2019052800100708,2019년 5월 28일 21시,화요일,경상북도 구미시 산동면,중상사고,0,1,0,0,차대사람 - 횡단중,안전운전불이행,포장 - 건조,맑음,교차로 - 교차로횡단보도내,승용,남,35세,상해없음,보행자,여,19세,중상
3198,2019052800100777,2019년 5월 28일 23시,화요일,경상북도 문경시 흥덕동,중상사고,0,1,0,0,차대사람 - 횡단중,보행자보호의무위반,포장 - 건조,맑음,교차로 - 교차로안,승용,남,45세,상해없음,보행자,남,64세,중상
3199,2019052900100152,2019년 5월 29일 08시,수요일,경상북도 칠곡군 왜관읍,중상사고,0,1,0,0,차대사람 - 횡단중,신호위반,포장 - 건조,맑음,교차로 - 교차로안,승용,남,67세,상해없음,보행자,여,38세,중상
3200,2019052900100404,2019년 5월 29일 15시,수요일,경상북도 경산시 사동,경상사고,0,0,1,0,차대사람 - 횡단중,보행자보호의무위반,포장 - 건조,맑음,교차로 - 교차로횡단보도내,승용,여,26세,상해없음,보행자,남,9세,경상
3201,2019052900100566,2019년 5월 29일 18시,수요일,경상북도 안동시 풍산읍,중상사고,0,1,0,0,차대사람 - 기타,안전운전불이행,포장 - 건조,맑음,단일로 - 기타,승용,남,29세,상해없음,보행자,여,71세,중상
3202,2019052900100647,2019년 5월 29일 20시,수요일,경상북도 안동시 와룡면,중상사고,0,1,0,0,차대사람 - 기타,안전운전불이행,포장 - 건조,맑음,단일로 - 기타,승용,여,25세,상해없음,보행자,여,82세,중상
3203,2019052900100683,2019년 5월 29일 21시,수요일,경상북도 문경시 흥덕동,중상사고,0,1,0,0,차대사람 - 차도통행중,안전운전불이행,포장 - 건조,맑음,교차로 - 교차로부근,이륜,남,58세,상해없음,보행자,남,58세,중상
3204,2019052900100703,2019년 5월 29일 22시,수요일,경상북도 문경시 점촌동,경상사고,0,0,1,0,차대사람 - 보도통행중,안전운전불이행,포장 - 기타,맑음,교차로 - 교차로부근,승용,남,53세,기타불명,보행자,남,62세,경상
3205,2019053000100029,2019년 5월 30일 00시,목요일,경상북도 안동시 용상동,중상사고,0,1,0,0,차대사람 - 횡단중,안전운전불이행,포장 - 건조,맑음,교차로 - 교차로부근,승용,남,27세,상해없음,보행자,남,18세,중상
3206,2019053000100030,2019년 5월 30일 00시,목요일,경상북도 포항시 남구 연일읍,경상사고,0,0,1,0,차대사람 - 기타,안전운전불이행,포장 - 건조,맑음,단일로 - 기타,승용,여,52세,상해없음,보행자,남,16세,경상
3207,2019053000100376,2019년 5월 30일 15시,목요일,경상북도 경산시 사정동,경상사고,0,0,1,0,차대사람 - 기타,기타,비포장 - 기타,맑음,교차로 - 교차로안,승합,남,43세,기타불명,보행자,남,54세,상해없음
3208,2019053000100450,2019년 5월 30일 17시,목요일,경상북도 경주시 감포읍,경상사고,0,0,1,0,차대사람 - 차도통행중,안전운전불이행,포장 - 건조,흐림,단일로 - 기타,승용,남,51세,상해없음,보행자,여,76세,경상
3209,2019053100100161,2019년 5월 31일 08시,금요일,경상북도 고령군 다산면,경상사고,0,0,1,0,차대사람 - 횡단중,안전운전불이행,포장 - 건조,맑음,단일로 - 기타,승용,남,34세,상해없음,보행자,여,6세,경상
3210,2019053100100425,2019년 5월 31일 15시,금요일,경상북도 상주시 냉림동,중상사고,0,1,0,0,차대사람 - 기타,안전운전불이행,비포장 - 건조,맑음,기타 - 기타,승합,여,32세,상해없음,보행자,남,7세,중상
3211,2019053100100483,2019년 5월 31일 16시,금요일,경상북도 경주시 황남동,경상사고,0,0,1,0,차대사람 - 횡단중,안전운전불이행,포장 - 건조,맑음,단일로 - 기타,승용,여,61세,상해없음,보행자,여,22세,경상
3212,2019053100100528,2019년 5월 31일 17시,금요일,경상북도 경주시 성동동,부상신고사고,0,0,0,1,차대사람 - 차도통행중,안전운전불이행,포장 - 건조,맑음,교차로 - 교차로부근,특수,남,44세,상해없음,보행자,여,69세,부상신고
3213,2019053100100533,2019년 5월 31일 17시,금요일,경상북도 예천군 용궁면,경상사고,0,0,1,0,차대사람 - 기타,안전운전불이행,포장 - 건조,맑음,단일로 - 기타,화물,여,24세,상해없음,보행자,여,59세,경상
3214,2019053100100716,2019년 5월 31일 21시,금요일,경상북도 영주시 휴천동,중상사고,0,2,1,0,차대사람 - 횡단중,보행자보호의무위반,포장 - 건조,맑음,단일로 - 기타,승용,남,80세,상해없음,보행자,여,56세,중상
3215,2019053100100758,2019년 5월 31일 22시,금요일,경상북도 포항시 북구 죽도동,경상사고,0,0,1,0,차대사람 - 횡단중,안전운전불이행,포장 - 건조,맑음,단일로 - 기타,승용,여,38세,상해없음,보행자,여,67세,경상
3216,2019060100100112,2019년 6월 1일 06시,토요일,경상북도 김천시 신음동,경상사고,0,0,3,0,차대사람 - 보도통행중,안전운전불이행,포장 - 건조,맑음,단일로 - 기타,승용,여,47세,경상,보행자,남,54세,경상
3217,2019060100100113,2019년 6월 1일 06시,토요일,경상북도 의성군 사곡면,중상사고,0,1,0,0,차대사람 - 기타,안전운전불이행,포장 - 건조,맑음,단일로 - 기타,화물,남,53세,상해없음,보행자,여,88세,중상
3218,2019060100100308,2019년 6월 1일 13시,토요일,경상북도 영주시 풍기읍,사망사고,1,0,0,0,차대사람 - 횡단중,보행자보호의무위반,포장 - 건조,맑음,단일로 - 기타,화물,남,51세,기타불명,보행자,남,53세,사망
3219,2019060100100472,2019년 6월 1일 17시,토요일,경상북도 구미시 진평동,경상사고,0,0,1,0,차대사람 - 차도통행중,안전운전불이행,포장 - 건조,맑음,단일로 - 기타,승용,여,29세,상해없음,보행자,남,51세,경상
3220,2019060100100492,2019년 6월 1일 18시,토요일,경상북도 상주시 남성동,중상사고,0,1,0,0,차대사람 - 횡단중,보행자보호의무위반,포장 - 건조,맑음,교차로 - 교차로안,승용,남,39세,상해없음,보행자,남,5세,중상
3221,2019060200100077,2019년 6월 2일 05시,일요일,경상북도 안동시 풍천면,경상사고,0,0,1,0,차대사람 - 기타,안전운전불이행,포장 - 건조,맑음,단일로 - 기타,승용,남,28세,상해없음,보행자,남,45세,경상
3222,2019060200100129,2019년 6월 2일 09시,일요일,경상북도 영덕군 영해면,중상사고,0,1,0,0,차대사람 - 기타,안전운전불이행,포장 - 건조,맑음,기타 - 기타,사륜오토바이(ATV),남,82세,상해없음,보행자,여,72세,중상
3223,2019060200100280,2019년 6월 2일 15시,일요일,경상북도 포항시 남구 장기면,경상사고,0,0,1,0,차대사람 - 기타,안전운전불이행,비포장 - 기타,맑음,기타 - 기타,화물,남,57세,상해없음,보행자,남,50세,경상
3224,2019060200100403,2019년 6월 2일 19시,일요일,경상북도 영주시 가흥동,경상사고,0,0,1,0,차대사람 - 기타,안전운전불이행,포장 - 건조,맑음,교차로 - 교차로안,기타불명,기타불명,미분류,기타불명,보행자,남,56세,경상
3225,2019060200100404,2019년 6월 2일 19시,일요일,경상북도 구미시 도량동,중상사고,0,1,0,0,차대사람 - 횡단중,보행자보호의무위반,포장 - 건조,맑음,단일로 - 기타,이륜,남,42세,상해없음,보행자,여,21세,중상
3226,2019060200100440,2019년 6월 2일 20시,일요일,경상북도 경산시 진량읍,경상사고,0,0,1,0,차대사람 - 기타,보행자보호의무위반,포장 - 건조,맑음,교차로 - 교차로횡단보도내,승용,남,66세,기타불명,보행자,남,38세,경상
3227,2019060300100291,2019년 6월 3일 12시,월요일,경상북도 포항시 북구 대신동,경상사고,0,0,1,0,차대사람 - 길가장자리구역통행중,안전운전불이행,포장 - 건조,맑음,단일로 - 기타,이륜,여,38세,상해없음,보행자,남,35세,경상
3228,2019060300100556,2019년 6월 3일 20시,월요일,경상북도 포항시 북구 두호동,경상사고,0,0,1,0,차대사람 - 횡단중,보행자보호의무위반,포장 - 건조,맑음,교차로 - 교차로안,승용,여,45세,상해없음,보행자,남,26세,경상
3229,2019060300100583,2019년 6월 3일 21시,월요일,경상북도 포항시 남구 대잠동,중상사고,0,1,0,0,차대사람 - 기타,보행자보호의무위반,포장 - 건조,맑음,단일로 - 기타,승용,남,66세,상해없음,보행자,여,28세,중상
3230,2019060300100606,2019년 6월 3일 22시,월요일,경상북도 구미시 선산읍,중상사고,0,1,0,0,차대사람 - 횡단중,안전운전불이행,포장 - 건조,맑음,단일로 - 기타,승용,남,31세,상해없음,보행자,여,61세,중상
3231,2019060400100055,2019년 6월 4일 04시,화요일,경상북도 영주시 휴천동,중상사고,0,1,0,0,차대사람 - 기타,안전운전불이행,포장 - 건조,맑음,단일로 - 기타,승용,여,45세,상해없음,보행자,여,76세,중상
3232,2019060400100288,2019년 6월 4일 12시,화요일,경상북도 고령군 대가야읍,경상사고,0,0,1,0,차대사람 - 차도통행중,교차로운행방법위반,포장 - 건조,맑음,교차로 - 교차로안,승용,여,36세,상해없음,보행자,여,80세,경상
3233,2019060400100289,2019년 6월 4일 12시,화요일,경상북도 구미시 선기동,경상사고,0,0,1,0,차대사람 - 기타,보행자보호의무위반,포장 - 건조,맑음,단일로 - 기타,승용,여,49세,기타불명,보행자,여,23세,경상
3234,2019060400100385,2019년 6월 4일 15시,화요일,경상북도 영천시 화북면,중상사고,0,1,0,0,차대사람 - 기타,안전운전불이행,포장 - 건조,맑음,기타 - 기타,화물,남,37세,상해없음,보행자,여,80세,중상
3235,2019060400100424,2019년 6월 4일 16시,화요일,경상북도 경주시 외동읍,경상사고,0,0,2,0,차대사람 - 횡단중,신호위반,포장 - 건조,맑음,교차로 - 교차로횡단보도내,이륜,남,16세,상해없음,보행자,남,65세,경상
3236,2019060400100426,2019년 6월 4일 16시,화요일,경상북도 영주시 휴천동,경상사고,0,0,1,0,차대사람 - 횡단중,중앙선침범,포장 - 건조,맑음,단일로 - 기타,승용,남,34세,상해없음,보행자,남,13세,경상
3237,2019060400100428,2019년 6월 4일 16시,화요일,경상북도 구미시 옥성면,중상사고,0,1,0,0,차대사람 - 기타,기타,포장 - 건조,맑음,단일로 - 기타,화물,남,58세,상해없음,보행자,여,54세,중상
3238,2019060400100643,2019년 6월 4일 21시,화요일,경상북도 칠곡군 북삼읍,중상사고,0,1,0,0,차대사람 - 보도통행중,기타,포장 - 건조,맑음,단일로 - 기타,승용,여,53세,상해없음,보행자,남,54세,중상
3239,2019060500100148,2019년 6월 5일 08시,수요일,경상북도 칠곡군 왜관읍,경상사고,0,0,1,0,차대사람 - 보도통행중,안전운전불이행,포장 - 건조,맑음,단일로 - 기타,승용,남,70세,기타불명,보행자,여,65세,경상
3240,2019060500100193,2019년 6월 5일 09시,수요일,경상북도 김천시 황금동,사망사고,1,0,0,0,차대사람 - 길가장자리구역통행중,안전운전불이행,포장 - 건조,맑음,단일로 - 기타,화물,남,53세,상해없음,보행자,여,78세,사망
3241,2019060500100194,2019년 6월 5일 09시,수요일,경상북도 경산시 사정동,경상사고,0,0,1,0,차대사람 - 길가장자리구역통행중,안전운전불이행,포장 - 건조,맑음,단일로 - 기타,화물,남,55세,상해없음,보행자,남,37세,경상
3242,2019060500100365,2019년 6월 5일 14시,수요일,경상북도 포항시 북구 양덕동,경상사고,0,0,1,0,차대사람 - 횡단중,보행자보호의무위반,포장 - 건조,맑음,단일로 - 기타,승용,여,42세,상해없음,보행자,여,8세,경상
3243,2019060500100406,2019년 6월 5일 15시,수요일,경상북도 김천시 율곡동,중상사고,0,1,0,0,차대사람 - 횡단중,보행자보호의무위반,포장 - 건조,맑음,교차로 - 교차로안,승용,여,48세,상해없음,보행자,여,6세,중상
3244,2019060500100453,2019년 6월 5일 16시,수요일,경상북도 영천시 완산동,경상사고,0,0,1,0,차대사람 - 기타,안전운전불이행,포장 - 건조,맑음,단일로 - 기타,승용,남,59세,상해없음,보행자,남,46세,경상
3245,2019060500100734,2019년 6월 5일 22시,수요일,경상북도 경산시 계양동,경상사고,0,0,1,0,차대사람 - 횡단중,교차로운행방법위반,포장 - 건조,맑음,교차로 - 교차로안,승용,여,64세,상해없음,보행자,여,58세,경상
3246,2019060500100735,2019년 6월 5일 22시,수요일,경상북도 구미시 황상동,경상사고,0,0,1,0,차대사람 - 횡단중,안전운전불이행,포장 - 건조,맑음,교차로 - 교차로부근,승용,여,61세,상해없음,보행자,남,48세,경상
3247,2019060600100227,2019년 6월 6일 12시,목요일,경상북도 안동시 옥동,중상사고,0,1,1,0,차대사람 - 횡단중,보행자보호의무위반,포장 - 건조,맑음,단일로 - 기타,승용,여,63세,상해없음,보행자,여,45세,경상
3248,2019060600100270,2019년 6월 6일 13시,목요일,경상북도 구미시 원평동,경상사고,0,0,1,0,차대사람 - 차도통행중,안전운전불이행,포장 - 건조,맑음,단일로 - 기타,승용,남,70세,상해없음,보행자,여,16세,경상
3249,2019060600100336,2019년 6월 6일 15시,목요일,경상북도 구미시 옥계동,중상사고,0,1,0,0,차대사람 - 횡단중,보행자보호의무위반,포장 - 건조,맑음,교차로 - 교차로횡단보도내,승용,남,34세,상해없음,보행자,남,6세,중상
3250,2019060600100432,2019년 6월 6일 18시,목요일,경상북도 포항시 북구 두호동,경상사고,0,0,1,0,차대사람 - 기타,안전운전불이행,포장 - 건조,맑음,단일로 - 기타,승용,남,31세,상해없음,보행자,여,71세,경상
3251,2019060600100474,2019년 6월 6일 19시,목요일,경상북도 영주시 휴천동,경상사고,0,0,1,0,차대사람 - 횡단중,신호위반,포장 - 젖음/습기,비,교차로 - 교차로횡단보도내,승용,여,55세,기타불명,보행자,여,69세,경상
3252,2019060600100564,2019년 6월 6일 21시,목요일,경상북도 상주시 신봉동,중상사고,0,1,0,0,차대사람 - 횡단중,안전운전불이행,포장 - 젖음/습기,비,교차로 - 교차로안,승용,여,51세,상해없음,보행자,남,83세,중상
3253,2019060700100122,2019년 6월 7일 07시,금요일,경상북도 경주시 건천읍,중상사고,0,1,0,0,차대사람 - 차도통행중,안전운전불이행,포장 - 젖음/습기,비,교차로 - 교차로부근,화물,남,61세,상해없음,보행자,여,56세,중상
3254,2019060700100157,2019년 6월 7일 08시,금요일,경상북도 구미시 선기동,중상사고,0,1,0,0,차대사람 - 횡단중,보행자보호의무위반,포장 - 젖음/습기,비,단일로 - 기타,승용,여,49세,상해없음,보행자,여,66세,중상
3255,2019060700100321,2019년 6월 7일 13시,금요일,경상북도 포항시 북구 죽도동,중상사고,0,1,0,0,차대사람 - 횡단중,안전운전불이행,포장 - 젖음/습기,비,단일로 - 기타,승용,남,49세,상해없음,보행자,여,75세,중상
3256,2019060700100614,2019년 6월 7일 21시,금요일,경상북도 안동시 서후면,사망사고,1,0,0,0,차대사람 - 차도통행중,안전운전불이행,포장 - 건조,맑음,단일로 - 기타,화물,남,60세,상해없음,보행자,남,59세,사망
3257,2019060700100647,2019년 6월 7일 22시,금요일,경상북도 안동시 옥동,경상사고,0,0,1,0,차대사람 - 길가장자리구역통행중,안전운전불이행,포장 - 건조,맑음,단일로 - 기타,승용,남,51세,상해없음,보행자,여,50세,경상
3258,2019060700100648,2019년 6월 7일 22시,금요일,경상북도 칠곡군 왜관읍,경상사고,0,0,1,0,차대사람 - 차도통행중,안전운전불이행,포장 - 건조,맑음,교차로 - 교차로안,승용,남,61세,상해없음,보행자,남,64세,경상
3259,2019060800100324,2019년 6월 8일 13시,토요일,경상북도 영양군 영양읍,경상사고,0,0,1,0,차대사람 - 차도통행중,안전운전불이행,포장 - 건조,맑음,교차로 - 교차로부근,승용,여,52세,상해없음,보행자,남,50세,경상
3260,2019060800100439,2019년 6월 8일 16시,토요일,경상북도 경주시 천군동,경상사고,0,0,1,0,차대사람 - 보도통행중,기타,포장 - 건조,맑음,기타 - 기타,이륜,여,34세,상해없음,보행자,남,17세,경상
3261,2019060800100626,2019년 6월 8일 22시,토요일,경상북도 포항시 북구 죽도동,중상사고,0,1,0,0,차대사람 - 횡단중,안전운전불이행,포장 - 건조,맑음,교차로 - 교차로횡단보도내,이륜,남,18세,상해없음,보행자,남,65세,중상
3262,2019060800100627,2019년 6월 8일 22시,토요일,경상북도 구미시 도량동,중상사고,0,1,0,0,차대사람 - 기타,안전운전불이행,포장 - 건조,맑음,단일로 - 기타,승용,남,24세,상해없음,보행자,여,64세,중상
3263,2019060800100649,2019년 6월 8일 23시,토요일,경상북도 경주시 석장동,중상사고,0,1,0,0,차대사람 - 횡단중,안전운전불이행,포장 - 건조,맑음,교차로 - 교차로부근,승용,남,52세,상해없음,보행자,여,20세,중상
3264,2019060800100650,2019년 6월 8일 23시,토요일,경상북도 포항시 북구 대신동,경상사고,0,0,1,0,차대사람 - 기타,안전운전불이행,포장 - 건조,맑음,단일로 - 기타,승합,남,47세,상해없음,보행자,여,59세,경상
3265,2019060900100123,2019년 6월 9일 08시,일요일,경상북도 상주시 모동면,중상사고,0,1,0,0,차대사람 - 길가장자리구역통행중,안전운전불이행,포장 - 건조,맑음,교차로 - 교차로부근,화물,여,56세,상해없음,보행자,여,78세,중상
3266,2019060900100228,2019년 6월 9일 13시,일요일,경상북도 경산시 사동,경상사고,0,0,1,0,차대사람 - 차도통행중,보행자보호의무위반,포장 - 기타,맑음,단일로 - 기타,승용,남,31세,상해없음,보행자,남,11세,경상
3267,2019060900100317,2019년 6월 9일 16시,일요일,경상북도 안동시 남선면,경상사고,0,0,1,0,차대사람 - 보도통행중,안전운전불이행,포장 - 건조,맑음,단일로 - 기타,승용,남,45세,상해없음,보행자,남,31세,경상
3268,2019060900100435,2019년 6월 9일 21시,일요일,경상북도 칠곡군 왜관읍,경상사고,0,0,1,0,차대사람 - 길가장자리구역통행중,안전운전불이행,포장 - 건조,맑음,단일로 - 지하차도(도로)내,이륜,남,59세,상해없음,보행자,남,57세,경상
3269,2019061000100151,2019년 6월 10일 08시,월요일,경상북도 안동시 태화동,중상사고,0,1,0,0,차대사람 - 기타,안전운전불이행,포장 - 건조,맑음,주차장 - 주차장,승용,여,44세,상해없음,보행자,여,82세,중상
3270,2019061000100281,2019년 6월 10일 12시,월요일,경상북도 구미시 원평동,중상사고,0,1,0,0,차대사람 - 횡단중,안전운전불이행,포장 - 건조,맑음,단일로 - 기타,승용,남,64세,상해없음,보행자,여,73세,중상
3271,2019061000100318,2019년 6월 10일 13시,월요일,경상북도 경주시 동천동,경상사고,0,0,1,0,차대사람 - 차도통행중,안전운전불이행,포장 - 건조,맑음,교차로 - 교차로안,승용,여,57세,상해없음,보행자,남,61세,경상
3272,2019061000100320,2019년 6월 10일 13시,월요일,경상북도 구미시 원평동,중상사고,0,1,0,0,차대사람 - 기타,안전운전불이행,포장 - 건조,맑음,교차로 - 교차로안,승용,여,71세,상해없음,보행자,여,47세,중상
3273,2019061000100528,2019년 6월 10일 18시,월요일,경상북도 경산시 중방동,중상사고,0,1,0,0,차대사람 - 기타,안전운전불이행,포장 - 기타,맑음,단일로 - 기타,승용,남,39세,상해없음,보행자,여,90세 이상,중상
3274,2019061000100562,2019년 6월 10일 19시,월요일,경상북도 포항시 남구 해도동,중상사고,0,1,0,0,차대사람 - 횡단중,안전운전불이행,포장 - 건조,맑음,교차로 - 교차로안,승용,남,56세,상해없음,보행자,여,62세,중상
3275,2019061000100617,2019년 6월 10일 21시,월요일,경상북도 구미시 황상동,중상사고,0,1,0,0,차대사람 - 횡단중,보행자보호의무위반,포장 - 건조,맑음,교차로 - 교차로안,승용,여,48세,상해없음,보행자,여,64세,중상
3276,2019061000100640,2019년 6월 10일 22시,월요일,경상북도 경주시 성건동,경상사고,0,0,1,0,차대사람 - 횡단중,신호위반,포장 - 건조,맑음,교차로 - 교차로횡단보도내,승용,여,50세,상해없음,보행자,남,18세,경상
3277,2019061100100200,2019년 6월 11일 09시,화요일,경상북도 문경시 모전동,중상사고,0,1,0,0,차대사람 - 횡단중,보행자보호의무위반,포장 - 건조,맑음,교차로 - 교차로부근,승용,남,76세,상해없음,보행자,여,54세,중상
3278,2019061100100391,2019년 6월 11일 15시,화요일,경상북도 경산시 남산면,부상신고사고,0,0,0,1,차대사람 - 기타,안전운전불이행,포장 - 건조,맑음,단일로 - 기타,기타불명,기타불명,미분류,기타불명,보행자,여,54세,부상신고
3279,2019061100100459,2019년 6월 11일 17시,화요일,경상북도 영주시 영주동,중상사고,0,1,0,0,차대사람 - 횡단중,보행자보호의무위반,포장 - 건조,맑음,교차로 - 교차로횡단보도내,이륜,남,69세,상해없음,보행자,남,80세,중상
3280,2019061100100501,2019년 6월 11일 18시,화요일,경상북도 포항시 북구 장성동,경상사고,0,0,1,0,차대사람 - 기타,안전운전불이행,포장 - 건조,맑음,단일로 - 기타,승용,남,46세,상해없음,보행자,여,43세,경상
3281,2019061100100622,2019년 6월 11일 22시,화요일,경상북도 구미시 옥계동,경상사고,0,0,1,0,차대사람 - 기타,안전운전불이행,포장 - 건조,맑음,단일로 - 기타,승용,남,43세,상해없음,보행자,남,54세,경상
3282,2019061200100030,2019년 6월 12일 00시,수요일,경상북도 포항시 북구 죽도동,경상사고,0,0,1,0,차대사람 - 기타,안전운전불이행,포장 - 건조,맑음,단일로 - 기타,승용,남,61세,상해없음,보행자,여,46세,경상
3283,2019061200100240,2019년 6월 12일 11시,수요일,경상북도 안동시 옥야동,중상사고,0,1,0,0,차대사람 - 횡단중,보행자보호의무위반,포장 - 건조,맑음,단일로 - 기타,사륜오토바이(ATV),남,76세,상해없음,보행자,여,83세,중상
3284,2019061200100303,2019년 6월 12일 13시,수요일,경상북도 경산시 진량읍,중상사고,0,1,0,0,차대사람 - 길가장자리구역통행중,안전운전불이행,포장 - 건조,맑음,교차로 - 교차로안,화물,남,58세,상해없음,보행자,남,65세,중상
3285,2019061200100518,2019년 6월 12일 19시,수요일,경상북도 구미시 원평동,경상사고,0,0,1,0,차대사람 - 횡단중,중앙선침범,포장 - 건조,맑음,단일로 - 기타,이륜,남,21세,상해없음,보행자,여,71세,경상
3286,2019061200100576,2019년 6월 12일 21시,수요일,경상북도 경주시 양남면,중상사고,0,1,0,0,차대사람 - 횡단중,안전운전불이행,포장 - 건조,흐림,단일로 - 지하차도(도로)내,승용,여,60세,상해없음,보행자,여,77세,중상
3287,2019061300100274,2019년 6월 13일 12시,목요일,경상북도 포항시 북구 덕산동,중상사고,0,1,0,0,차대사람 - 기타,안전운전불이행,포장 - 건조,맑음,단일로 - 기타,승용,남,72세,상해없음,보행자,남,66세,중상
3288,2019061300100332,2019년 6월 13일 14시,목요일,경상북도 포항시 북구 양덕동,경상사고,0,0,1,0,차대사람 - 횡단중,보행자보호의무위반,포장 - 건조,맑음,교차로 - 교차로횡단보도내,승용,여,43세,상해없음,보행자,남,9세,경상
3289,2019061300100406,2019년 6월 13일 16시,목요일,경상북도 경주시 용강동,경상사고,0,0,1,0,차대사람 - 차도통행중,안전운전불이행,포장 - 건조,맑음,교차로 - 교차로횡단보도내,승용,남,60세,상해없음,보행자,남,8세,경상
3290,2019061300100408,2019년 6월 13일 16시,목요일,경상북도 김천시 신음동,경상사고,0,0,1,0,차대사람 - 횡단중,안전운전불이행,포장 - 건조,맑음,교차로 - 교차로안,승합,여,45세,상해없음,보행자,여,14세,경상
3291,2019061300100453,2019년 6월 13일 17시,목요일,경상북도 영천시 임고면,경상사고,0,0,1,0,차대사람 - 기타,안전운전불이행,포장 - 건조,맑음,기타 - 기타,화물,남,60세,상해없음,보행자,남,66세,경상
3292,2019061300100591,2019년 6월 13일 21시,목요일,경상북도 영천시 화남면,사망사고,1,0,0,0,차대사람 - 횡단중,안전운전불이행,포장 - 건조,맑음,단일로 - 기타,승용,남,55세,상해없음,보행자,여,80세,사망
3293,2019061300100592,2019년 6월 13일 21시,목요일,경상북도 경산시 옥산동,경상사고,0,0,1,0,차대사람 - 횡단중,보행자보호의무위반,포장 - 건조,맑음,교차로 - 교차로안,승용,남,22세,상해없음,보행자,여,67세,경상
3294,2019061300100593,2019년 6월 13일 21시,목요일,경상북도 경산시 압량면,경상사고,0,0,1,0,차대사람 - 기타,안전운전불이행,포장 - 건조,맑음,단일로 - 기타,승용,남,52세,상해없음,보행자,여,24세,경상
3295,2019061300100594,2019년 6월 13일 21시,목요일,경상북도 군위군 소보면,경상사고,0,0,1,0,차대사람 - 차도통행중,안전운전불이행,포장 - 건조,맑음,단일로 - 기타,이륜,남,67세,상해없음,보행자,남,81세,경상
3296,2019061400100059,2019년 6월 14일 02시,금요일,경상북도 봉화군 법전면,중상사고,0,1,0,0,차대사람 - 차도통행중,안전운전불이행,포장 - 건조,맑음,교차로 - 교차로안,승용,남,46세,상해없음,보행자,남,40세,중상