,사고번호,사고일시,요일,시군구,사고내용,사망자수,중상자수,경상자수,부상신고자수,사고유형,법규위반,노면상태,기상상태,도로형태,가해운전자 차종,가해운전자 성별,가해운전자 연령,가해운전자 상해정도,피해운전자 차종,피해운전자 성별,피해운전자 연령,피해운전자 상해정도
3297,2019061400100069,2019년 6월 14일 03시,금요일,경상북도 포항시 북구 죽도동,중상사고,0,1,0,0,차대사람 - 차도통행중,안전운전불이행,포장 - 건조,맑음,교차로 - 교차로부근,승용,남,43세,상해없음,보행자,남,30세,중상
3298,2019061400100239,2019년 6월 14일 11시,금요일,경상북도 의성군 사곡면,중상사고,0,1,0,0,차대사람 - 횡단중,보행자보호의무위반,포장 - 건조,맑음,교차로 - 교차로안,화물,남,60세,상해없음,보행자,남,77세,중상
3299,2019061400100279,2019년 6월 14일 12시,금요일,경상북도 고령군 대가야읍,경상사고,0,0,1,0,차대사람 - 차도통행중,안전운전불이행,포장 - 건조,맑음,단일로 - 기타,승용,남,75세,상해없음,보행자,남,76세,경상
3300,2019061400100308,2019년 6월 14일 13시,금요일,경상북도 경산시 대동,경상사고,0,0,1,0,차대사람 - 기타,안전운전불이행,포장 - 건조,맑음,단일로 - 기타,승용,여,23세,기타불명,보행자,남,27세,경상
3301,2019061400100348,2019년 6월 14일 14시,금요일,경상북도 포항시 북구 대신동,중상사고,0,1,0,0,차대사람 - 횡단중,보행자보호의무위반,포장 - 건조,맑음,교차로 - 교차로횡단보도내,승용,여,56세,상해없음,보행자,여,73세,중상
3302,2019061400100383,2019년 6월 14일 15시,금요일,경상북도 포항시 북구 장성동,중상사고,0,1,0,0,차대사람 - 횡단중,직진우회전진행방해,포장 - 건조,맑음,교차로 - 교차로부근,화물,남,60세,상해없음,보행자,남,36세,중상
3303,2019061400100424,2019년 6월 14일 16시,금요일,경상북도 경산시 옥산동,중상사고,0,1,0,0,차대사람 - 횡단중,보행자보호의무위반,포장 - 건조,맑음,교차로 - 교차로안,승용,남,51세,상해없음,보행자,여,9세,중상
3304,2019061400100484,2019년 6월 14일 17시,금요일,경상북도 김천시 성내동,경상사고,0,0,1,0,차대사람 - 기타,안전운전불이행,포장 - 건조,맑음,단일로 - 기타,승합,남,55세,상해없음,보행자,여,65세,경상
3305,2019061400100539,2019년 6월 14일 18시,금요일,경상북도 청도군 청도읍,중상사고,0,1,0,0,차대사람 - 차도통행중,안전운전불이행,포장 - 젖음/습기,비,단일로 - 지하차도(도로)내,화물,여,47세,상해없음,보행자,여,80세,중상
3306,2019061500100298,2019년 6월 15일 12시,토요일,경상북도 영주시 휴천동,경상사고,0,0,1,0,차대사람 - 기타,안전운전불이행,포장 - 건조,맑음,교차로 - 교차로안,승용,남,60세,상해없음,보행자,남,18세,경상
3307,2019061500100341,2019년 6월 15일 13시,토요일,경상북도 성주군 성주읍,경상사고,0,0,1,0,차대사람 - 기타,안전운전불이행,포장 - 건조,맑음,단일로 - 기타,화물,남,69세,상해없음,보행자,남,13세,경상
3308,2019061500100564,2019년 6월 15일 18시,토요일,경상북도 영주시 휴천동,경상사고,0,0,1,0,차대사람 - 횡단중,안전운전불이행,포장 - 건조,맑음,교차로 - 교차로안,승용,남,24세,상해없음,보행자,남,3세,경상
3309,2019061500100610,2019년 6월 15일 19시,토요일,경상북도 의성군 다인면,사망사고,1,0,0,0,차대사람 - 횡단중,과속,포장 - 건조,맑음,교차로 - 교차로안,승용,남,50세,상해없음,보행자,여,76세,사망
3310,2019061500100639,2019년 6월 15일 20시,토요일,경상북도 경산시 백천동,중상사고,0,1,0,0,차대사람 - 횡단중,보행자보호의무위반,포장 - 젖음/습기,비,교차로 - 교차로안,승용,여,44세,상해없음,보행자,여,90세 이상,중상
3311,2019061500100675,2019년 6월 15일 21시,토요일,경상북도 영천시 대창면,경상사고,0,0,1,0,차대사람 - 길가장자리구역통행중,안전운전불이행,포장 - 젖음/습기,비,단일로 - 기타,승용,남,62세,상해없음,보행자,여,38세,경상
3312,2019061600100148,2019년 6월 16일 09시,일요일,경상북도 경주시 충효동,중상사고,0,1,0,0,차대사람 - 횡단중,안전운전불이행,포장 - 건조,맑음,교차로 - 교차로안,승용,남,65세,상해없음,보행자,남,70세,중상
3313,2019061600100198,2019년 6월 16일 11시,일요일,경상북도 포항시 남구 이동,경상사고,0,0,1,0,차대사람 - 기타,교차로운행방법위반,포장 - 건조,맑음,교차로 - 교차로부근,화물,남,53세,상해없음,보행자,여,55세,경상
3314,2019061600100262,2019년 6월 16일 13시,일요일,경상북도 경주시 천군동,중상사고,0,1,0,0,차대사람 - 차도통행중,안전운전불이행,포장 - 건조,맑음,단일로 - 기타,승용,남,41세,상해없음,보행자,남,77세,중상
3315,2019061600100263,2019년 6월 16일 13시,일요일,경상북도 포항시 북구 장성동,경상사고,0,0,1,0,차대사람 - 횡단중,보행자보호의무위반,포장 - 건조,맑음,교차로 - 교차로안,승용,여,32세,상해없음,보행자,여,62세,경상
3316,2019061600100289,2019년 6월 16일 14시,일요일,경상북도 경주시 노동동,경상사고,0,0,1,0,차대사람 - 차도통행중,안전운전불이행,포장 - 건조,맑음,단일로 - 기타,승용,남,58세,상해없음,보행자,여,60세,경상
3317,2019061600100355,2019년 6월 16일 16시,일요일,경상북도 경산시 중방동,중상사고,0,1,0,0,차대사람 - 횡단중,안전운전불이행,포장 - 건조,맑음,단일로 - 기타,승용,남,48세,상해없음,보행자,남,3세,중상
3318,2019061600100356,2019년 6월 16일 16시,일요일,경상북도 경산시 압량면,중상사고,0,1,0,0,차대사람 - 횡단중,보행자보호의무위반,포장 - 건조,맑음,단일로 - 기타,승용,남,30세,상해없음,보행자,남,6세,중상
3319,2019061700100209,2019년 6월 17일 10시,월요일,경상북도 안동시 운흥동,경상사고,0,0,1,0,차대사람 - 기타,안전운전불이행,포장 - 건조,맑음,주차장 - 주차장,화물,남,58세,상해없음,보행자,남,72세,경상
3320,2019061700100275,2019년 6월 17일 12시,월요일,경상북도 구미시 봉곡동,경상사고,0,0,1,0,차대사람 - 횡단중,보행자보호의무위반,포장 - 건조,맑음,교차로 - 교차로부근,승용,남,82세,상해없음,보행자,남,7세,경상
3321,2019061700100313,2019년 6월 17일 13시,월요일,경상북도 영주시 가흥동,중상사고,0,1,0,0,차대사람 - 기타,안전운전불이행,포장 - 건조,맑음,단일로 - 기타,승용,남,19세,상해없음,보행자,여,75세,중상
3322,2019061700100446,2019년 6월 17일 16시,월요일,경상북도 안동시 예안면,중상사고,0,1,0,0,차대사람 - 길가장자리구역통행중,안전운전불이행,포장 - 건조,맑음,단일로 - 기타,특수,남,50세,상해없음,보행자,남,45세,중상
3323,2019061700100497,2019년 6월 17일 17시,월요일,경상북도 포항시 북구 죽도동,중상사고,0,1,0,0,차대사람 - 기타,안전운전불이행,포장 - 건조,맑음,단일로 - 기타,원동기,남,45세,상해없음,보행자,남,35세,중상
3324,2019061700100501,2019년 6월 17일 17시,월요일,경상북도 칠곡군 동명면,중상사고,0,1,0,0,차대사람 - 횡단중,신호위반,포장 - 건조,맑음,단일로 - 기타,승용,남,68세,상해없음,보행자,여,73세,중상
3325,2019061700100545,2019년 6월 17일 18시,월요일,경상북도 포항시 북구 죽도동,중상사고,0,1,0,0,차대사람 - 길가장자리구역통행중,안전운전불이행,포장 - 건조,맑음,단일로 - 기타,승용,여,62세,상해없음,보행자,남,60세,중상
3326,2019061700100549,2019년 6월 17일 18시,월요일,경상북도 경산시 하양읍,중상사고,0,1,0,0,차대사람 - 횡단중,안전운전불이행,포장 - 건조,맑음,단일로 - 기타,승용,남,47세,상해없음,보행자,남,17세,중상
3327,2019061800100054,2019년 6월 18일 02시,화요일,경상북도 상주시 가장동,경상사고,0,0,1,0,차대사람 - 기타,안전운전불이행,포장 - 건조,맑음,단일로 - 기타,승용,여,22세,상해없음,보행자,남,22세,경상
3328,2019061800100199,2019년 6월 18일 09시,화요일,경상북도 영주시 휴천동,경상사고,0,0,1,0,차대사람 - 기타,안전운전불이행,포장 - 젖음/습기,비,교차로 - 교차로안,승합,남,66세,상해없음,보행자,남,83세,경상
3329,2019061800100416,2019년 6월 18일 16시,화요일,경상북도 포항시 남구 오천읍,중상사고,0,1,0,0,차대사람 - 기타,안전운전불이행,포장 - 건조,맑음,단일로 - 기타,승용,남,36세,상해없음,보행자,여,47세,중상
3330,2019061800100417,2019년 6월 18일 16시,화요일,경상북도 포항시 남구 이동,경상사고,0,0,1,0,차대사람 - 기타,기타,포장 - 건조,맑음,기타 - 기타,기타불명,남,54세,상해없음,보행자,여,33세,경상
3331,2019061800100535,2019년 6월 18일 19시,화요일,경상북도 포항시 북구 항구동,경상사고,0,0,1,0,차대사람 - 차도통행중,안전운전불이행,포장 - 건조,맑음,교차로 - 교차로부근,승용,남,33세,상해없음,보행자,여,77세,경상
3332,2019061800100659,2019년 6월 18일 23시,화요일,경상북도 경주시 동천동,경상사고,0,0,1,0,차대사람 - 길가장자리구역통행중,안전운전불이행,포장 - 건조,맑음,단일로 - 기타,승용,남,44세,상해없음,보행자,여,13세,경상
3333,2019061900100091,2019년 6월 19일 06시,수요일,경상북도 경주시 성건동,중상사고,0,1,0,0,차대사람 - 기타,기타,포장 - 건조,맑음,교차로 - 교차로부근,승합,남,77세,상해없음,보행자,여,82세,중상
3334,2019061900100181,2019년 6월 19일 09시,수요일,경상북도 의성군 안계면,중상사고,0,1,0,0,차대사람 - 횡단중,안전운전불이행,포장 - 건조,맑음,주차장 - 주차장,승용,남,50세,상해없음,보행자,여,66세,중상
3335,2019061900100248,2019년 6월 19일 11시,수요일,경상북도 김천시 감호동,경상사고,0,0,1,0,차대사람 - 차도통행중,안전운전불이행,포장 - 건조,맑음,단일로 - 기타,승용,여,48세,상해없음,보행자,남,61세,경상
3336,2019061900100396,2019년 6월 19일 16시,수요일,경상북도 김천시 교동,중상사고,0,1,0,0,차대사람 - 횡단중,안전운전불이행,포장 - 건조,맑음,교차로 - 교차로안,승용,여,66세,상해없음,보행자,남,12세,중상
3337,2019061900100444,2019년 6월 19일 17시,수요일,경상북도 문경시 마성면,경상사고,0,0,1,0,차대사람 - 기타,안전운전불이행,포장 - 건조,맑음,단일로 - 기타,승용,남,65세,상해없음,보행자,남,69세,경상
3338,2019062000100198,2019년 6월 20일 09시,목요일,경상북도 김천시 성내동,중상사고,0,1,0,0,차대사람 - 횡단중,보행자보호의무위반,포장 - 건조,맑음,교차로 - 교차로횡단보도내,승용,여,45세,상해없음,보행자,여,57세,중상
3339,2019062000100227,2019년 6월 20일 10시,목요일,경상북도 상주시 서성동,중상사고,0,1,0,0,차대사람 - 횡단중,안전운전불이행,포장 - 건조,맑음,교차로 - 교차로안,승용,남,72세,상해없음,보행자,여,63세,중상
3340,2019062000100316,2019년 6월 20일 13시,목요일,경상북도 경주시 감포읍,중상사고,0,1,0,0,차대사람 - 횡단중,안전운전불이행,포장 - 건조,맑음,단일로 - 기타,승용,여,37세,상해없음,보행자,여,60세,중상
3341,2019062000100478,2019년 6월 20일 17시,목요일,경상북도 안동시 옥동,경상사고,0,0,1,0,차대사람 - 보도통행중,기타,포장 - 건조,맑음,기타 - 기타,자전거,기타불명,미분류,기타불명,보행자,여,19세,경상
3342,2019062000100479,2019년 6월 20일 17시,목요일,경상북도 김천시 성내동,경상사고,0,0,1,0,차대사람 - 보도통행중,보행자보호의무위반,포장 - 건조,맑음,단일로 - 기타,화물,남,43세,기타불명,보행자,여,22세,경상
3343,2019062000100480,2019년 6월 20일 17시,목요일,경상북도 구미시 형곡동,중상사고,0,1,0,0,차대사람 - 횡단중,보행자보호의무위반,포장 - 건조,맑음,교차로 - 교차로안,승용,여,32세,상해없음,보행자,여,29세,중상
3344,2019062000100481,2019년 6월 20일 17시,목요일,경상북도 포항시 남구 효자동,경상사고,0,0,1,0,차대사람 - 횡단중,안전운전불이행,포장 - 건조,맑음,단일로 - 기타,승용,여,50세,상해없음,보행자,남,7세,경상
3345,2019062000100625,2019년 6월 20일 21시,목요일,경상북도 경주시 노서동,경상사고,0,0,1,0,차대사람 - 차도통행중,안전운전불이행,포장 - 건조,맑음,단일로 - 지하차도(도로)내,승용,남,37세,상해없음,보행자,남,51세,경상
3346,2019062100100101,2019년 6월 21일 07시,금요일,경상북도 군위군 의흥면,중상사고,0,1,0,0,차대사람 - 횡단중,안전운전불이행,포장 - 건조,맑음,단일로 - 기타,승용,여,50세,상해없음,보행자,여,69세,중상
3347,2019062100100136,2019년 6월 21일 08시,금요일,경상북도 상주시 무양동,경상사고,0,0,2,0,차대사람 - 횡단중,보행자보호의무위반,포장 - 건조,맑음,교차로 - 교차로안,자전거,남,14세,경상,보행자,여,27세,경상
3348,2019062100100264,2019년 6월 21일 12시,금요일,경상북도 영천시 문내동,사망사고,1,0,0,0,차대사람 - 횡단중,안전운전불이행,포장 - 건조,맑음,단일로 - 기타,화물,남,71세,상해없음,보행자,남,90세 이상,사망
3349,2019062100100330,2019년 6월 21일 14시,금요일,경상북도 상주시 무양동,중상사고,0,1,0,0,차대사람 - 횡단중,안전운전불이행,포장 - 건조,맑음,단일로 - 기타,승용,여,53세,상해없음,보행자,남,66세,중상
3350,2019062100100426,2019년 6월 21일 16시,금요일,경상북도 칠곡군 왜관읍,중상사고,0,1,0,1,차대사람 - 횡단중,안전운전불이행,포장 - 건조,맑음,교차로 - 교차로안,이륜,남,80세,중상,보행자,여,61세,부상신고
3351,2019062100100535,2019년 6월 21일 18시,금요일,경상북도 구미시 고아읍,중상사고,0,1,0,0,차대사람 - 횡단중,보행자보호의무위반,포장 - 건조,맑음,교차로 - 교차로횡단보도내,승용,남,60세,상해없음,보행자,남,10세,중상
3352,2019062100100536,2019년 6월 21일 18시,금요일,경상북도 구미시 도량동,중상사고,0,1,0,0,차대사람 - 횡단중,보행자보호의무위반,포장 - 건조,맑음,교차로 - 교차로횡단보도내,승용,남,22세,상해없음,보행자,여,18세,중상
3353,2019062200100309,2019년 6월 22일 12시,토요일,경상북도 경주시 노서동,경상사고,0,0,1,0,차대사람 - 횡단중,보행자보호의무위반,포장 - 건조,맑음,단일로 - 기타,승용,남,63세,상해없음,보행자,여,65세,경상
3354,2019062200100316,2019년 6월 22일 12시,토요일,경상북도 경산시 옥산동,경상사고,0,0,1,0,차대사람 - 횡단중,안전운전불이행,포장 - 건조,맑음,교차로 - 교차로안,승용,남,74세,상해없음,보행자,남,23세,경상
3355,2019062200100629,2019년 6월 22일 20시,토요일,경상북도 구미시 고아읍,경상사고,0,0,1,0,차대사람 - 횡단중,보행자보호의무위반,포장 - 건조,맑음,교차로 - 교차로횡단보도내,승용,남,29세,상해없음,보행자,남,7세,경상
3356,2019062200100630,2019년 6월 22일 20시,토요일,경상북도 구미시 상모동,중상사고,0,1,0,0,차대사람 - 횡단중,안전운전불이행,포장 - 건조,맑음,단일로 - 기타,화물,남,62세,상해없음,보행자,여,61세,중상
3357,2019062200100631,2019년 6월 22일 20시,토요일,경상북도 포항시 남구 구룡포읍,중상사고,0,1,0,0,차대사람 - 횡단중,안전운전불이행,포장 - 건조,맑음,단일로 - 기타,승용,여,51세,상해없음,보행자,여,77세,중상
3358,2019062200100700,2019년 6월 22일 22시,토요일,경상북도 포항시 북구 장성동,중상사고,0,2,0,0,차대사람 - 횡단중,안전운전불이행,포장 - 건조,맑음,단일로 - 기타,이륜,남,22세,중상,보행자,남,41세,중상
3359,2019062300100037,2019년 6월 23일 00시,일요일,경상북도 포항시 북구 죽도동,중상사고,0,1,0,0,차대사람 - 차도통행중,안전운전불이행,포장 - 건조,맑음,교차로 - 교차로안,승용,남,33세,상해없음,보행자,남,49세,중상
3360,2019062300100209,2019년 6월 23일 11시,일요일,경상북도 포항시 남구 구룡포읍,부상신고사고,0,0,0,1,차대사람 - 기타,안전운전불이행,포장 - 건조,맑음,단일로 - 기타,승용,여,32세,상해없음,보행자,남,71세,부상신고
3361,2019062300100315,2019년 6월 23일 14시,일요일,경상북도 영덕군 강구면,중상사고,0,1,0,0,차대사람 - 횡단중,안전운전불이행,포장 - 건조,맑음,단일로 - 기타,승용,남,73세,상해없음,보행자,남,6세,중상
3362,2019062300100348,2019년 6월 23일 15시,일요일,경상북도 영주시 평은면,경상사고,0,0,1,0,차대사람 - 기타,안전운전불이행,포장 - 건조,맑음,단일로 - 기타,승용,남,64세,상해없음,보행자,남,56세,경상
3363,2019062300100434,2019년 6월 23일 17시,일요일,경상북도 경주시 동천동,경상사고,0,0,1,0,차대사람 - 기타,보행자보호의무위반,포장 - 건조,맑음,단일로 - 기타,승용,여,50세,상해없음,보행자,남,8세,경상
3364,2019062300100467,2019년 6월 23일 18시,일요일,경상북도 영천시 임고면,경상사고,0,0,1,0,차대사람 - 횡단중,안전운전불이행,포장 - 건조,맑음,단일로 - 기타,승용,남,40세,상해없음,보행자,남,7세,경상
3365,2019062300100555,2019년 6월 23일 21시,일요일,경상북도 영주시 가흥동,중상사고,0,1,0,0,차대사람 - 횡단중,보행자보호의무위반,포장 - 건조,맑음,단일로 - 기타,승용,여,51세,상해없음,보행자,여,19세,중상
3366,2019062300100556,2019년 6월 23일 21시,일요일,경상북도 구미시 원평동,경상사고,0,0,1,0,차대사람 - 보도통행중,기타,포장 - 건조,맑음,단일로 - 기타,이륜,남,44세,상해없음,보행자,여,35세,경상
3367,2019062400100231,2019년 6월 24일 10시,월요일,경상북도 김천시 부곡동,경상사고,0,0,1,0,차대사람 - 횡단중,신호위반,포장 - 건조,맑음,교차로 - 교차로횡단보도내,승용,여,68세,상해없음,보행자,여,52세,경상
3368,2019062400100232,2019년 6월 24일 10시,월요일,경상북도 문경시 산양면,경상사고,0,0,1,0,차대사람 - 횡단중,보행자보호의무위반,포장 - 건조,맑음,교차로 - 교차로안,화물,남,76세,상해없음,보행자,여,79세,경상
3369,2019062400100268,2019년 6월 24일 11시,월요일,경상북도 영주시 가흥동,중상사고,0,1,0,0,차대사람 - 횡단중,보행자보호의무위반,포장 - 건조,맑음,교차로 - 교차로부근,승용,여,58세,상해없음,보행자,여,70세,중상
3370,2019062400100415,2019년 6월 24일 15시,월요일,경상북도 김천시 지좌동,경상사고,0,0,1,0,차대사람 - 횡단중,신호위반,포장 - 건조,맑음,교차로 - 교차로횡단보도내,승용,남,54세,상해없음,보행자,남,65세,경상
3371,2019062400100458,2019년 6월 24일 16시,월요일,경상북도 경산시 압량면,경상사고,0,0,1,0,차대사람 - 횡단중,안전운전불이행,포장 - 건조,맑음,단일로 - 기타,승용,여,58세,상해없음,보행자,남,8세,경상
3372,2019062400100613,2019년 6월 24일 19시,월요일,경상북도 상주시 낙양동,중상사고,0,1,0,0,차대사람 - 횡단중,보행자보호의무위반,포장 - 건조,맑음,교차로 - 교차로안,승합,여,65세,상해없음,보행자,남,11세,중상
3373,2019062400100616,2019년 6월 24일 19시,월요일,경상북도 예천군 예천읍,경상사고,0,0,1,0,차대사람 - 차도통행중,안전운전불이행,포장 - 건조,맑음,단일로 - 기타,승용,여,35세,상해없음,보행자,남,4세,경상
3374,2019062400100643,2019년 6월 24일 20시,월요일,경상북도 포항시 북구 죽도동,중상사고,0,1,0,0,차대사람 - 기타,안전운전불이행,포장 - 건조,맑음,단일로 - 기타,화물,남,50세,상해없음,보행자,여,42세,중상
3375,2019062400100699,2019년 6월 24일 22시,월요일,경상북도 경주시 사정동,중상사고,0,1,0,0,차대사람 - 횡단중,안전운전불이행,포장 - 건조,맑음,교차로 - 교차로안,승용,남,64세,상해없음,보행자,남,61세,중상
3376,2019062400100712,2019년 6월 24일 23시,월요일,경상북도 포항시 북구 학잠동,경상사고,0,0,1,0,차대사람 - 기타,안전운전불이행,포장 - 건조,맑음,교차로 - 교차로부근,승용,남,39세,상해없음,보행자,남,61세,경상
3377,2019062500100104,2019년 6월 25일 07시,화요일,경상북도 구미시 도량동,경상사고,0,0,1,0,차대사람 - 기타,안전운전불이행,포장 - 건조,맑음,단일로 - 기타,승용,여,57세,상해없음,보행자,남,67세,경상
3378,2019062500100221,2019년 6월 25일 10시,화요일,경상북도 안동시 옥동,경상사고,0,0,1,0,차대사람 - 횡단중,안전운전불이행,포장 - 건조,맑음,단일로 - 기타,이륜,남,30세,상해없음,보행자,여,52세,경상
3379,2019062500100363,2019년 6월 25일 14시,화요일,경상북도 안동시 풍산읍,경상사고,0,0,1,0,차대사람 - 기타,안전운전불이행,포장 - 건조,맑음,단일로 - 기타,농기계,남,50세,상해없음,보행자,남,57세,경상
3380,2019062500100399,2019년 6월 25일 15시,화요일,경상북도 김천시 황금동,중상사고,0,1,0,0,차대사람 - 횡단중,보행자보호의무위반,포장 - 건조,맑음,교차로 - 교차로횡단보도내,화물,남,66세,상해없음,보행자,여,63세,중상
3381,2019062500100402,2019년 6월 25일 15시,화요일,경상북도 구미시 인의동,경상사고,0,0,1,0,차대사람 - 횡단중,보행자보호의무위반,포장 - 건조,맑음,교차로 - 교차로횡단보도내,승용,여,49세,상해없음,보행자,남,8세,경상
3382,2019062500100451,2019년 6월 25일 16시,화요일,경상북도 경주시 시래동,중상사고,0,1,1,0,차대사람 - 차도통행중,안전운전불이행,포장 - 건조,맑음,단일로 - 지하차도(도로)내,승용,남,50세,상해없음,보행자,여,90세 이상,중상
3383,2019062500100622,2019년 6월 25일 19시,화요일,경상북도 경주시 용강동,중상사고,0,1,0,0,차대사람 - 차도통행중,안전운전불이행,포장 - 건조,맑음,단일로 - 기타,승용,남,39세,상해없음,보행자,여,52세,중상
3384,2019062600100123,2019년 6월 26일 08시,수요일,경상북도 김천시 신음동,중상사고,0,1,0,0,차대사람 - 기타,안전운전불이행,포장 - 건조,맑음,단일로 - 기타,승용,여,40세,상해없음,보행자,남,82세,중상
3385,2019062600100205,2019년 6월 26일 10시,수요일,경상북도 경산시 하양읍,중상사고,0,1,0,0,차대사람 - 횡단중,신호위반,포장 - 젖음/습기,비,교차로 - 교차로횡단보도내,승용,남,54세,상해없음,보행자,여,17세,중상
3386,2019062600100346,2019년 6월 26일 14시,수요일,경상북도 안동시 용상동,중상사고,0,1,0,0,차대사람 - 길가장자리구역통행중,안전운전불이행,포장 - 젖음/습기,비,단일로 - 기타,승용,남,30세,상해없음,보행자,여,59세,중상
3387,2019062600100592,2019년 6월 26일 19시,수요일,경상북도 구미시 상모동,중상사고,0,1,1,0,차대사람 - 기타,보행자보호의무위반,포장 - 건조,맑음,단일로 - 기타,승용,여,60세,상해없음,보행자,여,60세,중상
3388,2019062600100656,2019년 6월 26일 21시,수요일,경상북도 구미시 송정동,중상사고,0,1,0,0,차대사람 - 횡단중,안전운전불이행,포장 - 젖음/습기,비,단일로 - 기타,승용,남,56세,상해없음,보행자,여,51세,중상
3389,2019062600100686,2019년 6월 26일 22시,수요일,경상북도 포항시 북구 장성동,경상사고,0,0,1,0,차대사람 - 기타,안전운전불이행,포장 - 젖음/습기,비,단일로 - 기타,승용,남,54세,상해없음,보행자,남,60세,경상
3390,2019062700100069,2019년 6월 27일 05시,목요일,경상북도 성주군 선남면,사망사고,1,0,0,0,차대사람 - 기타,안전운전불이행,포장 - 젖음/습기,비,단일로 - 기타,화물,남,47세,상해없음,보행자,남,84세,사망
3391,2019062700100153,2019년 6월 27일 08시,목요일,경상북도 구미시 선산읍,사망사고,1,0,0,0,차대사람 - 기타,신호위반,포장 - 젖음/습기,비,교차로 - 교차로안,화물,여,58세,상해없음,보행자,여,76세,사망
3392,2019062700100349,2019년 6월 27일 14시,목요일,경상북도 영주시 영주동,중상사고,0,1,0,0,차대사람 - 횡단중,안전운전불이행,포장 - 건조,맑음,교차로 - 교차로안,승용,남,63세,상해없음,보행자,여,82세,중상
3393,2019062700100390,2019년 6월 27일 15시,목요일,경상북도 칠곡군 석적읍,중상사고,0,1,0,0,차대사람 - 차도통행중,안전운전불이행,포장 - 건조,맑음,단일로 - 기타,승용,남,45세,상해없음,보행자,여,10세,중상
3394,2019062700100433,2019년 6월 27일 16시,목요일,경상북도 상주시 외서면,사망사고,1,0,0,0,차대사람 - 횡단중,안전운전불이행,포장 - 건조,맑음,단일로 - 기타,승용,남,60세,상해없음,보행자,여,90세 이상,사망
3395,2019062700100435,2019년 6월 27일 16시,목요일,경상북도 영천시 북안면,경상사고,0,0,1,0,차대사람 - 길가장자리구역통행중,안전운전불이행,포장 - 건조,맑음,단일로 - 기타,기타불명,기타불명,미분류,기타불명,보행자,여,69세,경상
3396,2019062700100436,2019년 6월 27일 16시,목요일,경상북도 포항시 남구 해도동,중상사고,0,1,0,0,차대사람 - 기타,안전운전불이행,포장 - 건조,맑음,교차로 - 교차로부근,승용,남,43세,상해없음,보행자,여,65세,중상
3397,2019062700100607,2019년 6월 27일 21시,목요일,경상북도 경주시 동부동,경상사고,0,0,1,0,차대사람 - 횡단중,안전운전불이행,포장 - 젖음/습기,흐림,교차로 - 교차로부근,승용,남,58세,상해없음,보행자,남,47세,경상
3398,2019062800100293,2019년 6월 28일 12시,금요일,경상북도 경주시 동천동,경상사고,0,0,1,0,차대사람 - 기타,안전운전불이행,포장 - 젖음/습기,비,단일로 - 기타,이륜,남,43세,상해없음,보행자,남,26세,경상
3399,2019062800100451,2019년 6월 28일 16시,금요일,경상북도 구미시 해평면,중상사고,0,1,0,0,차대사람 - 기타,신호위반,포장 - 건조,맑음,교차로 - 교차로안,화물,남,48세,상해없음,보행자,여,19세,중상
3400,2019062800100491,2019년 6월 28일 17시,금요일,경상북도 상주시 서성동,중상사고,0,1,0,0,차대사람 - 기타,안전운전불이행,포장 - 건조,맑음,단일로 - 기타,승용,남,33세,상해없음,보행자,여,15세,중상
3401,2019062900100423,2019년 6월 29일 16시,토요일,경상북도 영주시 휴천동,경상사고,0,0,1,0,차대사람 - 횡단중,신호위반,포장 - 젖음/습기,비,교차로 - 교차로횡단보도내,승용,여,63세,상해없음,보행자,여,17세,경상
3402,2019063000100064,2019년 6월 30일 03시,일요일,경상북도 구미시 원평동,경상사고,0,0,1,0,차대사람 - 기타,안전운전불이행,포장 - 젖음/습기,흐림,교차로 - 교차로부근,승용,남,35세,상해없음,보행자,남,38세,경상
3403,2019063000100219,2019년 6월 30일 13시,일요일,경상북도 경산시 하양읍,부상신고사고,0,0,0,1,차대사람 - 차도통행중,안전운전불이행,포장 - 건조,맑음,단일로 - 기타,승용,남,78세,상해없음,보행자,여,29세,부상신고
3404,2019063000100396,2019년 6월 30일 20시,일요일,경상북도 영천시 완산동,경상사고,0,0,1,0,차대사람 - 기타,안전운전불이행,포장 - 건조,맑음,교차로 - 교차로부근,승용,남,58세,상해없음,보행자,여,21세,경상
3405,2019063000100398,2019년 6월 30일 20시,일요일,경상북도 포항시 남구 오천읍,중상사고,0,1,0,0,차대사람 - 기타,안전운전불이행,포장 - 건조,맑음,교차로 - 교차로안,승용,남,42세,상해없음,보행자,남,60세,중상