,사고번호,사고일시,요일,시군구,사고내용,사망자수,중상자수,경상자수,부상신고자수,사고유형,법규위반,노면상태,기상상태,도로형태,가해운전자 차종,가해운전자 성별,가해운전자 연령,가해운전자 상해정도,피해운전자 차종,피해운전자 성별,피해운전자 연령,피해운전자 상해정도
3406,2019070100100236,2019년 7월 1일 10시,월요일,경상북도 포항시 북구 두호동,경상사고,0,0,1,0,차대사람 - 기타,기타,포장 - 건조,맑음,기타 - 기타,승용,남,76세,상해없음,보행자,여,33세,경상
3407,2019070100100356,2019년 7월 1일 14시,월요일,경상북도 포항시 북구 죽도동,경상사고,0,0,1,0,차대사람 - 기타,안전운전불이행,포장 - 건조,맑음,교차로 - 교차로안,승용,남,40세,상해없음,보행자,남,46세,경상
3408,2019070100100357,2019년 7월 1일 14시,월요일,경상북도 포항시 북구 양덕동,경상사고,0,0,1,0,차대사람 - 횡단중,안전운전불이행,포장 - 건조,맑음,교차로 - 교차로횡단보도내,화물,남,43세,상해없음,보행자,여,60세,경상
3409,2019070100100450,2019년 7월 1일 16시,월요일,경상북도 칠곡군 동명면,부상신고사고,0,0,0,1,차대사람 - 횡단중,안전운전불이행,포장 - 건조,맑음,교차로 - 교차로부근,화물,남,69세,상해없음,보행자,여,88세,부상신고
3410,2019070100100492,2019년 7월 1일 17시,월요일,경상북도 영천시 임고면,사망사고,1,0,0,0,차대사람 - 횡단중,보행자보호의무위반,포장 - 건조,맑음,교차로 - 교차로안,승용,여,67세,상해없음,보행자,남,72세,사망
3411,2019070100100536,2019년 7월 1일 18시,월요일,경상북도 영덕군 영덕읍,중상사고,0,1,0,0,차대사람 - 길가장자리구역통행중,안전운전불이행,포장 - 건조,맑음,단일로 - 기타,승용,여,62세,상해없음,보행자,남,66세,중상
3412,2019070200100189,2019년 7월 2일 09시,화요일,경상북도 포항시 남구 해도동,경상사고,0,0,1,0,차대사람 - 횡단중,보행자보호의무위반,포장 - 건조,맑음,교차로 - 교차로횡단보도내,승용,남,72세,상해없음,보행자,여,24세,경상
3413,2019070200100500,2019년 7월 2일 18시,화요일,경상북도 구미시 형곡동,경상사고,0,0,1,0,차대사람 - 횡단중,보행자보호의무위반,포장 - 건조,맑음,교차로 - 교차로부근,승용,여,56세,상해없음,보행자,남,7세,경상
3414,2019070200100501,2019년 7월 2일 18시,화요일,경상북도 구미시 송정동,경상사고,0,0,1,0,차대사람 - 횡단중,보행자보호의무위반,포장 - 건조,맑음,단일로 - 기타,승용,남,56세,상해없음,보행자,남,8세,경상
3415,2019070200100502,2019년 7월 2일 18시,화요일,경상북도 포항시 남구 오천읍,중상사고,0,1,0,0,차대사람 - 기타,안전운전불이행,포장 - 건조,맑음,교차로 - 교차로안,승용,남,32세,상해없음,보행자,여,69세,중상
3416,2019070200100608,2019년 7월 2일 22시,화요일,경상북도 영주시 가흥동,경상사고,0,0,1,0,차대사람 - 차도통행중,안전운전불이행,포장 - 건조,맑음,교차로 - 교차로안,승용,남,24세,상해없음,보행자,남,49세,경상
3417,2019070300100441,2019년 7월 3일 17시,수요일,경상북도 경주시 황성동,중상사고,0,1,0,0,차대사람 - 차도통행중,안전운전불이행,포장 - 건조,맑음,단일로 - 지하차도(도로)내,화물,남,66세,상해없음,보행자,남,57세,중상
3418,2019070300100444,2019년 7월 3일 17시,수요일,경상북도 칠곡군 왜관읍,중상사고,0,1,0,0,차대사람 - 차도통행중,안전운전불이행,포장 - 건조,맑음,교차로 - 교차로부근,화물,남,60세,상해없음,보행자,여,90세 이상,중상
3419,2019070300100552,2019년 7월 3일 20시,수요일,경상북도 포항시 남구 오천읍,경상사고,0,0,1,0,차대사람 - 횡단중,보행자보호의무위반,포장 - 건조,맑음,교차로 - 교차로횡단보도내,화물,남,45세,상해없음,보행자,남,57세,경상
3420,2019070300100579,2019년 7월 3일 21시,수요일,경상북도 칠곡군 왜관읍,사망사고,1,0,0,0,차대사람 - 횡단중,안전운전불이행,포장 - 건조,맑음,단일로 - 기타,화물,여,70세,상해없음,보행자,남,46세,사망
3421,2019070400100098,2019년 7월 4일 07시,목요일,경상북도 경주시 동천동,중상사고,0,1,0,0,차대사람 - 길가장자리구역통행중,안전운전불이행,포장 - 건조,맑음,교차로 - 교차로부근,승합,남,43세,상해없음,보행자,여,73세,중상
3422,2019070400100101,2019년 7월 4일 07시,목요일,경상북도 포항시 남구 송도동,중상사고,0,1,0,0,차대사람 - 기타,안전운전불이행,포장 - 건조,맑음,단일로 - 기타,화물,남,67세,상해없음,보행자,남,44세,중상
3423,2019070400100436,2019년 7월 4일 16시,목요일,경상북도 경산시 중산동,경상사고,0,0,1,0,차대사람 - 보도통행중,기타,포장 - 건조,맑음,단일로 - 기타,이륜,남,16세,상해없음,보행자,여,49세,경상
3424,2019070400100588,2019년 7월 4일 20시,목요일,경상북도 영양군 영양읍,중상사고,0,1,0,0,차대사람 - 차도통행중,안전운전불이행,포장 - 건조,맑음,단일로 - 기타,승합,남,46세,상해없음,보행자,남,76세,중상
3425,2019070500100155,2019년 7월 5일 08시,금요일,경상북도 포항시 북구 중앙동,경상사고,0,0,1,0,차대사람 - 기타,안전운전불이행,포장 - 건조,맑음,교차로 - 교차로부근,승용,남,64세,상해없음,보행자,여,66세,경상
3426,2019070500100159,2019년 7월 5일 08시,금요일,경상북도 포항시 남구 해도동,경상사고,0,0,1,0,차대사람 - 기타,안전운전불이행,포장 - 건조,맑음,단일로 - 기타,승용,여,58세,상해없음,보행자,남,66세,경상
3427,2019070500100199,2019년 7월 5일 09시,금요일,경상북도 영주시 영주동,중상사고,0,1,0,0,차대사람 - 기타,안전운전불이행,포장 - 건조,맑음,교차로 - 교차로횡단보도내,화물,남,70세,상해없음,보행자,여,75세,중상
3428,2019070500100289,2019년 7월 5일 12시,금요일,경상북도 포항시 남구 동해면,중상사고,0,1,0,0,차대사람 - 기타,기타,포장 - 건조,맑음,단일로 - 기타,화물,남,41세,상해없음,보행자,여,57세,중상
3429,2019070500100546,2019년 7월 5일 18시,금요일,경상북도 포항시 북구 죽도동,경상사고,0,0,1,0,차대사람 - 기타,안전운전불이행,포장 - 건조,맑음,교차로 - 교차로안,승용,남,22세,상해없음,보행자,여,10세,경상
3430,2019070500100646,2019년 7월 5일 21시,금요일,경상북도 칠곡군 북삼읍,경상사고,0,0,1,0,차대사람 - 횡단중,안전운전불이행,포장 - 건조,맑음,단일로 - 기타,승용,남,56세,상해없음,보행자,여,5세,경상
3431,2019070500100647,2019년 7월 5일 21시,금요일,경상북도 경산시 진량읍,경상사고,0,0,1,0,차대사람 - 기타,안전운전불이행,포장 - 건조,맑음,교차로 - 교차로안,승용,남,25세,상해없음,보행자,남,64세,경상
3432,2019070500100649,2019년 7월 5일 21시,금요일,경상북도 구미시 봉곡동,사망사고,1,0,0,0,차대사람 - 횡단중,보행자보호의무위반,포장 - 건조,맑음,교차로 - 교차로안,승용,남,45세,상해없음,보행자,여,56세,사망
3433,2019070600100043,2019년 7월 6일 00시,토요일,경상북도 성주군 성주읍,중상사고,0,1,0,0,차대사람 - 기타,안전운전불이행,포장 - 건조,맑음,교차로 - 교차로부근,승용,여,55세,상해없음,보행자,남,47세,중상
3434,2019070600100076,2019년 7월 6일 02시,토요일,경상북도 상주시 서성동,중상사고,0,1,0,0,차대사람 - 기타,안전운전불이행,포장 - 건조,맑음,단일로 - 기타,승용,남,51세,상해없음,보행자,남,52세,중상
3435,2019070600100366,2019년 7월 6일 13시,토요일,경상북도 영주시 가흥동,부상신고사고,0,0,0,1,차대사람 - 기타,안전운전불이행,포장 - 건조,맑음,단일로 - 기타,특수,남,55세,상해없음,보행자,남,70세,부상신고
3436,2019070600100411,2019년 7월 6일 14시,토요일,경상북도 구미시 봉곡동,경상사고,0,0,1,0,차대사람 - 횡단중,보행자보호의무위반,포장 - 건조,맑음,교차로 - 교차로횡단보도내,자전거,여,51세,상해없음,보행자,여,30세,경상
3437,2019070600100670,2019년 7월 6일 21시,토요일,경상북도 경주시 황성동,중상사고,0,1,0,0,차대사람 - 횡단중,안전운전불이행,포장 - 건조,맑음,교차로 - 교차로부근,특수,남,47세,상해없음,보행자,남,51세,중상
3438,2019070600100696,2019년 7월 6일 22시,토요일,경상북도 포항시 남구 상도동,중상사고,0,1,0,0,차대사람 - 횡단중,안전운전불이행,포장 - 건조,맑음,교차로 - 교차로부근,승용,남,67세,상해없음,보행자,남,45세,중상
3439,2019070700100028,2019년 7월 7일 00시,일요일,경상북도 경주시 성건동,경상사고,0,0,1,0,차대사람 - 차도통행중,안전운전불이행,포장 - 건조,맑음,단일로 - 기타,승용,남,40세,상해없음,보행자,남,25세,경상
3440,2019070700100151,2019년 7월 7일 10시,일요일,경상북도 경주시 양북면,중상사고,0,1,0,0,차대사람 - 횡단중,안전운전불이행,포장 - 건조,맑음,단일로 - 기타,이륜,남,18세,상해없음,보행자,남,6세,중상
3441,2019070700100297,2019년 7월 7일 15시,일요일,경상북도 경주시 안강읍,경상사고,0,0,1,0,차대사람 - 차도통행중,안전운전불이행,포장 - 건조,맑음,교차로 - 교차로안,승용,여,53세,상해없음,보행자,남,78세,경상
3442,2019070700100379,2019년 7월 7일 17시,일요일,경상북도 경주시 하동,경상사고,0,0,1,0,차대사람 - 기타,안전운전불이행,포장 - 건조,맑음,주차장 - 주차장,승용,남,30세,상해없음,보행자,남,33세,경상
3443,2019070700100380,2019년 7월 7일 17시,일요일,경상북도 포항시 북구 여천동,경상사고,0,0,1,0,차대사람 - 기타,보행자보호의무위반,포장 - 건조,맑음,교차로 - 교차로안,승용,여,65세,상해없음,보행자,여,24세,경상
3444,2019070700100447,2019년 7월 7일 20시,일요일,경상북도 칠곡군 북삼읍,경상사고,0,0,1,0,차대사람 - 횡단중,보행자보호의무위반,포장 - 건조,맑음,교차로 - 교차로횡단보도내,승용,남,35세,상해없음,보행자,남,36세,경상
3445,2019070800100375,2019년 7월 8일 15시,월요일,경상북도 포항시 남구 오천읍,중상사고,0,1,0,0,차대사람 - 차도통행중,안전운전불이행,포장 - 건조,맑음,교차로 - 교차로안,승용,남,65세,상해없음,보행자,여,52세,중상
3446,2019070800100556,2019년 7월 8일 20시,월요일,경상북도 포항시 북구 장성동,경상사고,0,0,1,0,차대사람 - 기타,안전운전불이행,포장 - 건조,맑음,교차로 - 교차로안,승용,여,38세,상해없음,보행자,여,50세,경상
3447,2019070800100572,2019년 7월 8일 21시,월요일,경상북도 경주시 충효동,경상사고,0,0,1,0,차대사람 - 횡단중,안전운전불이행,포장 - 건조,맑음,단일로 - 지하차도(도로)내,승용,남,35세,상해없음,보행자,남,14세,경상
3448,2019070900100268,2019년 7월 9일 11시,화요일,경상북도 구미시 선산읍,중상사고,0,1,0,0,차대사람 - 기타,안전운전불이행,포장 - 건조,맑음,교차로 - 교차로안,화물,남,62세,상해없음,보행자,남,69세,중상
3449,2019070900100571,2019년 7월 9일 20시,화요일,경상북도 영주시 휴천동,중상사고,0,1,0,0,차대사람 - 차도통행중,안전운전불이행,포장 - 건조,맑음,단일로 - 기타,승용,남,56세,상해없음,보행자,여,59세,중상
3450,2019070900100600,2019년 7월 9일 21시,화요일,경상북도 김천시 성내동,중상사고,0,1,0,0,차대사람 - 차도통행중,안전운전불이행,포장 - 건조,맑음,단일로 - 기타,승용,여,28세,상해없음,보행자,남,62세,중상
3451,2019070900100646,2019년 7월 9일 23시,화요일,경상북도 영천시 문외동,경상사고,0,0,1,0,차대사람 - 차도통행중,안전운전불이행,포장 - 건조,맑음,단일로 - 기타,승용,남,37세,상해없음,보행자,남,39세,경상
3452,2019071000100158,2019년 7월 10일 09시,수요일,경상북도 경산시 하양읍,중상사고,0,1,0,0,차대사람 - 횡단중,보행자보호의무위반,포장 - 건조,맑음,교차로 - 교차로횡단보도내,화물,남,45세,상해없음,보행자,여,23세,중상
3453,2019071000100248,2019년 7월 10일 12시,수요일,경상북도 경산시 하양읍,경상사고,0,0,1,0,차대사람 - 횡단중,신호위반,포장 - 건조,맑음,단일로 - 기타,승용,여,50세,상해없음,보행자,여,43세,경상
3454,2019071000100250,2019년 7월 10일 12시,수요일,경상북도 경산시 진량읍,경상사고,0,0,1,0,차대사람 - 기타,안전운전불이행,포장 - 건조,맑음,주차장 - 주차장,승용,남,43세,상해없음,보행자,여,23세,경상
3455,2019071000100284,2019년 7월 10일 13시,수요일,경상북도 의성군 의성읍,중상사고,0,1,0,0,차대사람 - 기타,보행자보호의무위반,포장 - 젖음/습기,비,단일로 - 기타,승용,남,51세,상해없음,보행자,여,62세,중상
3456,2019071000100338,2019년 7월 10일 15시,수요일,경상북도 김천시 신음동,중상사고,0,1,0,0,차대사람 - 횡단중,안전운전불이행,포장 - 젖음/습기,비,단일로 - 기타,승합,남,71세,상해없음,보행자,여,76세,중상
3457,2019071000100518,2019년 7월 10일 19시,수요일,경상북도 포항시 북구 학산동,중상사고,0,1,0,0,차대사람 - 횡단중,안전운전불이행,포장 - 젖음/습기,비,교차로 - 교차로부근,승용,여,48세,상해없음,보행자,여,51세,중상
3458,2019071000100524,2019년 7월 10일 19시,수요일,경상북도 포항시 남구 대도동,중상사고,0,2,0,0,차대사람 - 횡단중,신호위반,포장 - 젖음/습기,비,단일로 - 기타,승용,남,64세,상해없음,보행자,여,62세,중상
3459,2019071000100561,2019년 7월 10일 20시,수요일,경상북도 칠곡군 석적읍,중상사고,0,1,1,0,차대사람 - 횡단중,보행자보호의무위반,포장 - 젖음/습기,비,교차로 - 교차로횡단보도내,이륜,남,23세,경상,보행자,남,51세,중상
3460,2019071000100630,2019년 7월 10일 21시,수요일,경상북도 경산시 진량읍,중상사고,0,1,0,0,차대사람 - 횡단중,안전운전불이행,포장 - 젖음/습기,비,교차로 - 교차로안,승합,남,53세,상해없음,보행자,남,45세,중상
3461,2019071000100680,2019년 7월 10일 22시,수요일,경상북도 포항시 북구 흥해읍,중상사고,0,1,0,0,차대사람 - 기타,안전운전불이행,포장 - 젖음/습기,비,교차로 - 교차로부근,승용,여,31세,상해없음,보행자,남,20세,중상
3462,2019071100100032,2019년 7월 11일 00시,목요일,경상북도 구미시 황상동,경상사고,0,0,1,0,차대사람 - 기타,안전운전불이행,포장 - 젖음/습기,비,교차로 - 교차로부근,승용,남,44세,상해없음,보행자,남,33세,경상
3463,2019071100100162,2019년 7월 11일 08시,목요일,경상북도 경산시 중방동,중상사고,0,1,0,0,차대사람 - 횡단중,안전운전불이행,포장 - 건조,맑음,교차로 - 교차로부근,승용,남,24세,상해없음,보행자,여,84세,중상
3464,2019071100100226,2019년 7월 11일 10시,목요일,경상북도 경주시 안강읍,경상사고,0,0,1,0,차대사람 - 기타,안전운전불이행,포장 - 건조,맑음,단일로 - 기타,승용,남,66세,상해없음,보행자,여,82세,경상
3465,2019071100100374,2019년 7월 11일 15시,목요일,경상북도 경주시 용강동,중상사고,0,1,0,0,차대사람 - 횡단중,보행자보호의무위반,포장 - 건조,맑음,단일로 - 기타,승용,남,67세,상해없음,보행자,남,8세,중상
3466,2019071100100378,2019년 7월 11일 15시,목요일,경상북도 포항시 남구 해도동,경상사고,0,0,1,0,차대사람 - 차도통행중,안전운전불이행,포장 - 건조,맑음,단일로 - 기타,승용,여,54세,상해없음,보행자,여,68세,경상
3467,2019071100100407,2019년 7월 11일 16시,목요일,경상북도 영주시 하망동,경상사고,0,0,1,0,차대사람 - 기타,안전운전불이행,포장 - 건조,흐림,교차로 - 교차로안,승용,여,52세,상해없음,보행자,남,66세,경상
3468,2019071100100455,2019년 7월 11일 17시,목요일,경상북도 구미시 임은동,부상신고사고,0,0,0,1,차대사람 - 보도통행중,보행자보호의무위반,포장 - 건조,맑음,교차로 - 교차로횡단보도내,이륜,남,54세,상해없음,보행자,여,50세,부상신고
3469,2019071100100456,2019년 7월 11일 17시,목요일,경상북도 포항시 남구 오천읍,경상사고,0,0,1,0,차대사람 - 횡단중,안전운전불이행,포장 - 건조,맑음,교차로 - 교차로부근,화물,남,31세,상해없음,보행자,여,7세,경상
3470,2019071100100487,2019년 7월 11일 18시,목요일,경상북도 포항시 북구 양덕동,중상사고,0,1,0,0,차대사람 - 차도통행중,안전운전불이행,포장 - 건조,맑음,단일로 - 기타,승용,여,45세,상해없음,보행자,남,8세,중상
3471,2019071100100531,2019년 7월 11일 19시,목요일,경상북도 경주시 황성동,경상사고,0,0,1,0,차대사람 - 횡단중,안전운전불이행,포장 - 건조,맑음,단일로 - 기타,승용,여,46세,상해없음,보행자,남,7세,경상
3472,2019071100100563,2019년 7월 11일 20시,목요일,경상북도 안동시 광석동,중상사고,0,1,0,0,차대사람 - 보도통행중,안전운전불이행,포장 - 건조,맑음,단일로 - 기타,승용,남,65세,상해없음,보행자,남,54세,중상
3473,2019071100100632,2019년 7월 11일 23시,목요일,경상북도 포항시 남구 청림동,중상사고,0,2,0,0,차대사람 - 횡단중,보행자보호의무위반,포장 - 건조,맑음,교차로 - 교차로횡단보도내,승용,남,38세,상해없음,보행자,여,56세,중상
3474,2019071200100157,2019년 7월 12일 08시,금요일,경상북도 포항시 북구 우현동,중상사고,0,1,0,0,차대사람 - 기타,안전운전불이행,포장 - 건조,맑음,단일로 - 기타,승용,여,39세,상해없음,보행자,여,58세,중상
3475,2019071200100199,2019년 7월 12일 09시,금요일,경상북도 경주시 충효동,경상사고,0,0,2,0,차대사람 - 기타,안전운전불이행,포장 - 건조,맑음,단일로 - 기타,자전거,여,71세,경상,보행자,여,6세,경상
3476,2019071200100266,2019년 7월 12일 11시,금요일,경상북도 경산시 중방동,경상사고,0,0,1,0,차대사람 - 기타,안전운전불이행,포장 - 건조,맑음,교차로 - 교차로부근,승용,남,81세,기타불명,보행자,여,76세,경상
3477,2019071200100305,2019년 7월 12일 12시,금요일,경상북도 예천군 예천읍,중상사고,0,1,0,0,차대사람 - 차도통행중,안전운전불이행,포장 - 건조,맑음,교차로 - 교차로부근,승용,남,29세,상해없음,보행자,여,64세,중상
3478,2019071200100346,2019년 7월 12일 13시,금요일,경상북도 안동시 법상동,중상사고,0,1,0,0,차대사람 - 횡단중,안전운전불이행,포장 - 건조,맑음,교차로 - 교차로안,승용,여,33세,상해없음,보행자,여,85세,중상
3479,2019071200100348,2019년 7월 12일 13시,금요일,경상북도 경산시 중산동,경상사고,0,0,1,0,차대사람 - 횡단중,보행자보호의무위반,포장 - 건조,맑음,단일로 - 기타,승용,여,45세,상해없음,보행자,여,59세,경상
3480,2019071200100507,2019년 7월 12일 17시,금요일,경상북도 영주시 부석면,중상사고,0,1,0,0,차대사람 - 차도통행중,안전운전불이행,포장 - 건조,맑음,교차로 - 교차로부근,승용,남,59세,상해없음,보행자,남,13세,중상
3481,2019071200100510,2019년 7월 12일 17시,금요일,경상북도 상주시 거동동,중상사고,0,1,0,0,차대사람 - 기타,안전운전불이행,포장 - 건조,맑음,기타 - 기타,승합,여,48세,상해없음,보행자,여,64세,중상
3482,2019071300100145,2019년 7월 13일 09시,토요일,경상북도 영천시 신령면,경상사고,0,0,1,0,차대사람 - 길가장자리구역통행중,안전운전불이행,포장 - 건조,맑음,기타 - 기타,승용,여,67세,상해없음,보행자,여,73세,경상
3483,2019071300100284,2019년 7월 13일 13시,토요일,경상북도 포항시 남구 연일읍,경상사고,0,0,1,0,차대사람 - 차도통행중,안전운전불이행,포장 - 건조,맑음,교차로 - 교차로부근,화물,남,26세,상해없음,보행자,여,64세,경상
3484,2019071300100434,2019년 7월 13일 17시,토요일,경상북도 울릉군 울릉읍,경상사고,0,0,1,0,차대사람 - 기타,기타,포장 - 건조,맑음,주차장 - 주차장,승용,남,63세,상해없음,보행자,여,76세,경상
3485,2019071300100435,2019년 7월 13일 17시,토요일,경상북도 포항시 남구 오천읍,중상사고,0,1,0,0,차대사람 - 횡단중,보행자보호의무위반,포장 - 건조,맑음,교차로 - 교차로횡단보도내,승용,여,62세,상해없음,보행자,남,11세,중상
3486,2019071300100554,2019년 7월 13일 21시,토요일,경상북도 구미시 사곡동,경상사고,0,0,1,0,차대사람 - 횡단중,안전운전불이행,포장 - 건조,맑음,교차로 - 교차로안,화물,남,61세,상해없음,보행자,여,50세,경상
3487,2019071400100075,2019년 7월 14일 04시,일요일,경상북도 성주군 성주읍,중상사고,0,1,0,0,차대사람 - 기타,안전운전불이행,포장 - 건조,맑음,교차로 - 교차로안,승용,남,33세,상해없음,보행자,여,76세,중상
3488,2019071400100153,2019년 7월 14일 10시,일요일,경상북도 경주시 양남면,중상사고,0,1,0,0,차대사람 - 길가장자리구역통행중,안전운전불이행,포장 - 건조,맑음,교차로 - 교차로부근,승용,남,28세,상해없음,보행자,여,38세,중상
3489,2019071400100178,2019년 7월 14일 11시,일요일,경상북도 상주시 남성동,중상사고,0,1,0,0,차대사람 - 보도통행중,보행자보호의무위반,포장 - 건조,맑음,교차로 - 교차로횡단보도내,승용,여,52세,상해없음,보행자,여,6세,중상
3490,2019071400100304,2019년 7월 14일 15시,일요일,경상북도 포항시 북구 청하면,경상사고,0,0,1,0,차대사람 - 기타,안전운전불이행,포장 - 건조,맑음,단일로 - 기타,승용,남,37세,상해없음,보행자,여,44세,경상
3491,2019071400100329,2019년 7월 14일 16시,일요일,경상북도 경주시 북군동,경상사고,0,0,1,0,차대사람 - 보도통행중,기타,포장 - 건조,맑음,단일로 - 지하차도(도로)내,자전거,남,9세,상해없음,보행자,여,17세,경상
3492,2019071400100362,2019년 7월 14일 17시,일요일,경상북도 포항시 남구 해도동,경상사고,0,0,1,0,차대사람 - 기타,안전운전불이행,포장 - 건조,맑음,기타 - 기타,승용,여,45세,상해없음,보행자,여,49세,경상
3493,2019071500100124,2019년 7월 15일 08시,월요일,경상북도 문경시 모전동,경상사고,0,0,1,0,차대사람 - 차도통행중,안전운전불이행,포장 - 건조,맑음,단일로 - 기타,승용,남,80세,상해없음,보행자,여,90세 이상,경상
3494,2019071500100201,2019년 7월 15일 11시,월요일,경상북도 경주시 황오동,중상사고,0,1,0,0,차대사람 - 횡단중,보행자보호의무위반,포장 - 건조,맑음,교차로 - 교차로안,승용,여,57세,상해없음,보행자,여,58세,중상
3495,2019071500100456,2019년 7월 15일 17시,월요일,경상북도 경주시 현곡면,중상사고,0,1,0,0,차대사람 - 횡단중,기타,포장 - 건조,맑음,단일로 - 지하차도(도로)내,승용,여,38세,상해없음,보행자,여,10세,중상
3496,2019071500100579,2019년 7월 15일 20시,월요일,경상북도 울진군 죽변면,중상사고,0,1,0,0,차대사람 - 횡단중,보행자보호의무위반,포장 - 건조,맑음,교차로 - 교차로부근,승용,남,69세,상해없음,보행자,남,64세,중상
3497,2019071500100640,2019년 7월 15일 23시,월요일,경상북도 영천시 신령면,중상사고,0,1,0,0,차대사람 - 횡단중,안전운전불이행,포장 - 젖음/습기,비,교차로 - 교차로안,화물,남,53세,상해없음,보행자,남,46세,중상
3498,2019071600100054,2019년 7월 16일 05시,화요일,경상북도 울진군 매화면,사망사고,1,0,0,0,차대사람 - 횡단중,안전운전불이행,포장 - 건조,맑음,교차로 - 교차로안,건설기계,남,64세,상해없음,보행자,남,76세,사망
3499,2019071600100079,2019년 7월 16일 07시,화요일,경상북도 칠곡군 북삼읍,경상사고,0,0,1,0,차대사람 - 길가장자리구역통행중,안전운전불이행,포장 - 건조,맑음,교차로 - 교차로부근,승용,여,47세,상해없음,보행자,여,45세,경상
3500,2019071600100151,2019년 7월 16일 09시,화요일,경상북도 안동시 동문동,경상사고,0,0,1,0,차대사람 - 기타,기타,포장 - 건조,맑음,단일로 - 기타,화물,남,56세,상해없음,보행자,남,30세,경상
3501,2019071600100236,2019년 7월 16일 12시,화요일,경상북도 경산시 진량읍,중상사고,0,1,0,0,차대사람 - 횡단중,기타,포장 - 건조,맑음,단일로 - 기타,화물,남,29세,상해없음,보행자,여,51세,중상
3502,2019071600100385,2019년 7월 16일 16시,화요일,경상북도 김천시 황금동,경상사고,0,0,1,0,차대사람 - 차도통행중,안전운전불이행,포장 - 건조,맑음,단일로 - 기타,화물,남,71세,상해없음,보행자,여,77세,경상
3503,2019071600100433,2019년 7월 16일 17시,화요일,경상북도 칠곡군 석적읍,경상사고,0,0,1,0,차대사람 - 차도통행중,안전운전불이행,포장 - 건조,맑음,단일로 - 기타,승용,여,37세,상해없음,보행자,여,9세,경상
3504,2019071600100434,2019년 7월 16일 17시,화요일,경상북도 칠곡군 왜관읍,부상신고사고,0,0,0,1,차대사람 - 횡단중,보행자보호의무위반,포장 - 건조,맑음,단일로 - 기타,승용,남,53세,상해없음,보행자,남,6세,부상신고
3505,2019071600100565,2019년 7월 16일 20시,화요일,경상북도 문경시 모전동,경상사고,0,0,1,0,차대사람 - 기타,안전운전불이행,포장 - 기타,기타,기타 - 기타,승용,여,39세,상해없음,보행자,여,73세,경상
3506,2019071600100591,2019년 7월 16일 21시,화요일,경상북도 포항시 북구 죽도동,경상사고,0,0,1,0,차대사람 - 차도통행중,안전운전불이행,포장 - 건조,맑음,단일로 - 기타,이륜,남,30세,기타불명,보행자,여,56세,경상
3507,2019071700100060,2019년 7월 17일 02시,수요일,경상북도 포항시 북구 항구동,경상사고,0,0,2,0,차대사람 - 기타,안전운전불이행,포장 - 건조,맑음,단일로 - 기타,이륜,남,45세,상해없음,보행자,남,41세,경상
3508,2019071700100256,2019년 7월 17일 12시,수요일,경상북도 안동시 태화동,경상사고,0,0,1,0,차대사람 - 횡단중,안전운전불이행,포장 - 건조,맑음,교차로 - 교차로부근,이륜,남,58세,상해없음,보행자,여,67세,경상
3509,2019071700100288,2019년 7월 17일 13시,수요일,경상북도 문경시 문경읍,중상사고,0,1,0,0,차대사람 - 기타,안전운전불이행,포장 - 건조,맑음,교차로 - 교차로안,화물,남,35세,상해없음,보행자,여,79세,중상
3510,2019071700100289,2019년 7월 17일 13시,수요일,경상북도 경산시 중방동,경상사고,0,0,1,0,차대사람 - 횡단중,보행자보호의무위반,포장 - 건조,맑음,교차로 - 교차로횡단보도내,자전거,남,18세,상해없음,보행자,여,61세,경상
3511,2019071700100337,2019년 7월 17일 14시,수요일,경상북도 포항시 남구 연일읍,경상사고,0,0,1,0,차대사람 - 길가장자리구역통행중,보행자보호의무위반,포장 - 건조,맑음,단일로 - 기타,승용,여,56세,상해없음,보행자,남,8세,경상
3512,2019071700100415,2019년 7월 17일 16시,수요일,경상북도 포항시 북구 흥해읍,경상사고,0,0,1,0,차대사람 - 길가장자리구역통행중,안전운전불이행,포장 - 건조,흐림,단일로 - 기타,화물,남,44세,상해없음,보행자,여,69세,경상
3513,2019071700100503,2019년 7월 17일 18시,수요일,경상북도 의성군 단밀면,중상사고,0,1,0,0,차대사람 - 차도통행중,중앙선침범,포장 - 건조,맑음,단일로 - 기타,화물,여,60세,상해없음,보행자,남,82세,중상
3514,2019071700100630,2019년 7월 17일 22시,수요일,경상북도 김천시 신음동,중상사고,0,1,0,0,차대사람 - 횡단중,안전운전불이행,포장 - 건조,맑음,교차로 - 교차로횡단보도내,승용,남,52세,상해없음,보행자,여,33세,중상