,사고번호,사고일시,요일,시군구,사고내용,사망자수,중상자수,경상자수,부상신고자수,사고유형,법규위반,노면상태,기상상태,도로형태,가해운전자 차종,가해운전자 성별,가해운전자 연령,가해운전자 상해정도,피해운전자 차종,피해운전자 성별,피해운전자 연령,피해운전자 상해정도
3734,2019082100100465,2019년 8월 21일 17시,수요일,경상북도 포항시 북구 장성동,경상사고,0,0,1,0,차대사람 - 횡단중,안전운전불이행,포장 - 건조,맑음,교차로 - 교차로안,승합,남,59세,상해없음,보행자,여,28세,경상
3735,2019082100100709,2019년 8월 21일 23시,수요일,경상북도 포항시 북구 죽도동,중상사고,0,1,0,0,차대사람 - 기타,안전운전불이행,포장 - 젖음/습기,비,단일로 - 기타,기타불명,기타불명,미분류,기타불명,보행자,여,62세,중상
3736,2019082200100088,2019년 8월 22일 05시,목요일,경상북도 포항시 남구 대잠동,중상사고,0,1,0,0,차대사람 - 차도통행중,기타,포장 - 젖음/습기,비,교차로 - 교차로부근,승용,남,58세,상해없음,보행자,여,26세,중상
3737,2019082200100478,2019년 8월 22일 17시,목요일,경상북도 포항시 남구 연일읍,부상신고사고,0,0,0,1,차대사람 - 기타,안전운전불이행,포장 - 건조,맑음,교차로 - 교차로안,승용,여,51세,상해없음,보행자,남,61세,부상신고
3738,2019082200100479,2019년 8월 22일 17시,목요일,경상북도 문경시 유곡동,경상사고,0,0,1,0,차대사람 - 기타,안전운전불이행,포장 - 건조,맑음,단일로 - 기타,화물,남,44세,상해없음,보행자,여,31세,경상
3739,2019082200100668,2019년 8월 22일 22시,목요일,경상북도 영주시 문정동,경상사고,0,0,1,0,차대사람 - 횡단중,신호위반,포장 - 건조,맑음,기타 - 기타,승용,남,23세,상해없음,보행자,여,59세,경상
3740,2019082200100689,2019년 8월 22일 23시,목요일,경상북도 포항시 남구 상도동,경상사고,0,0,1,0,차대사람 - 차도통행중,신호위반,포장 - 건조,맑음,교차로 - 교차로안,승합,남,53세,상해없음,보행자,남,26세,경상
3741,2019082300100102,2019년 8월 23일 06시,금요일,경상북도 울진군 후포면,중상사고,0,1,0,0,차대사람 - 횡단중,안전운전불이행,포장 - 건조,맑음,기타 - 기타,승용,남,54세,상해없음,보행자,여,76세,중상
3742,2019082300100196,2019년 8월 23일 09시,금요일,경상북도 경산시 사동,중상사고,0,1,0,0,차대사람 - 횡단중,안전운전불이행,포장 - 건조,맑음,단일로 - 기타,승용,남,30세,상해없음,보행자,여,89세,중상
3743,2019082300100390,2019년 8월 23일 15시,금요일,경상북도 구미시 봉곡동,경상사고,0,0,1,0,차대사람 - 기타,안전운전불이행,포장 - 건조,맑음,교차로 - 교차로부근,승용,남,60세,상해없음,보행자,여,45세,경상
3744,2019082300100429,2019년 8월 23일 16시,금요일,경상북도 칠곡군 석적읍,경상사고,0,0,1,0,차대사람 - 횡단중,보행자보호의무위반,포장 - 건조,맑음,교차로 - 교차로부근,승합,남,59세,상해없음,보행자,여,6세,경상
3745,2019082300100585,2019년 8월 23일 19시,금요일,경상북도 청도군 청도읍,중상사고,0,1,0,0,차대사람 - 횡단중,보행자보호의무위반,포장 - 건조,기타,교차로 - 교차로부근,승용,여,39세,상해없음,보행자,여,58세,중상
3746,2019082400100041,2019년 8월 24일 00시,토요일,경상북도 경산시 중방동,부상신고사고,0,0,0,1,차대사람 - 기타,안전운전불이행,포장 - 건조,맑음,단일로 - 기타,기타불명,기타불명,미분류,기타불명,보행자,남,47세,부상신고
3747,2019082400100418,2019년 8월 24일 16시,토요일,경상북도 상주시 냉림동,경상사고,0,0,1,0,차대사람 - 횡단중,안전운전불이행,포장 - 건조,맑음,단일로 - 기타,화물,남,62세,상해없음,보행자,여,6세,경상
3748,2019082400100464,2019년 8월 24일 17시,토요일,경상북도 예천군 개포면,중상사고,0,1,1,0,차대사람 - 차도통행중,안전운전불이행,포장 - 건조,맑음,교차로 - 교차로안,승용,남,36세,상해없음,보행자,여,70세,중상
3749,2019082400100527,2019년 8월 24일 19시,토요일,경상북도 포항시 북구 장성동,중상사고,0,1,0,0,차대사람 - 기타,안전운전불이행,포장 - 건조,맑음,단일로 - 기타,승용,남,19세,상해없음,보행자,남,62세,중상
3750,2019082500100020,2019년 8월 25일 00시,일요일,경상북도 구미시 고아읍,중상사고,0,1,0,0,차대사람 - 횡단중,보행자보호의무위반,포장 - 건조,맑음,교차로 - 교차로안,승용,남,55세,상해없음,보행자,남,38세,중상
3751,2019082500100034,2019년 8월 25일 01시,일요일,경상북도 경주시 성건동,경상사고,0,0,1,0,차대사람 - 횡단중,안전운전불이행,포장 - 건조,맑음,교차로 - 교차로부근,승용,여,66세,상해없음,보행자,남,26세,경상
3752,2019082500100305,2019년 8월 25일 15시,일요일,경상북도 포항시 남구 오천읍,중상사고,0,1,0,0,차대사람 - 횡단중,안전운전불이행,포장 - 건조,맑음,교차로 - 교차로부근,승용,여,44세,상해없음,보행자,여,83세,중상
3753,2019082500100477,2019년 8월 25일 20시,일요일,경상북도 영덕군 영해면,중상사고,0,1,0,0,차대사람 - 길가장자리구역통행중,안전운전불이행,포장 - 건조,맑음,단일로 - 기타,승용,여,47세,상해없음,보행자,남,7세,중상
3754,2019082600100074,2019년 8월 26일 05시,월요일,경상북도 경주시 황남동,중상사고,0,1,0,0,차대사람 - 횡단중,보행자보호의무위반,포장 - 건조,맑음,교차로 - 교차로횡단보도내,승용,남,37세,상해없음,보행자,여,70세,중상
3755,2019082600100092,2019년 8월 26일 06시,월요일,경상북도 안동시 풍산읍,경상사고,0,0,1,0,차대사람 - 기타,안전운전불이행,포장 - 건조,맑음,단일로 - 기타,승용,남,65세,상해없음,보행자,여,23세,경상
3756,2019082600100243,2019년 8월 26일 10시,월요일,경상북도 포항시 북구 두호동,경상사고,0,0,1,0,차대사람 - 기타,안전운전불이행,포장 - 건조,맑음,단일로 - 기타,승용,남,78세,상해없음,보행자,여,44세,경상
3757,2019082600100284,2019년 8월 26일 11시,월요일,경상북도 김천시 성내동,중상사고,0,1,0,0,차대사람 - 횡단중,중앙선침범,포장 - 건조,맑음,교차로 - 교차로부근,승용,여,50세,상해없음,보행자,여,69세,중상
3758,2019082600100285,2019년 8월 26일 11시,월요일,경상북도 경산시 대정동,경상사고,0,0,1,0,차대사람 - 기타,안전운전불이행,포장 - 건조,맑음,단일로 - 기타,승합,남,49세,상해없음,보행자,여,39세,경상
3759,2019082600100354,2019년 8월 26일 13시,월요일,경상북도 영천시 금호읍,중상사고,0,1,0,0,차대사람 - 횡단중,보행자보호의무위반,포장 - 건조,맑음,교차로 - 교차로횡단보도내,화물,남,62세,상해없음,보행자,여,84세,중상
3760,2019082600100482,2019년 8월 26일 16시,월요일,경상북도 경산시 자인면,경상사고,0,0,1,0,차대사람 - 기타,안전운전불이행,포장 - 건조,맑음,단일로 - 기타,승용,여,45세,상해없음,보행자,여,16세,경상
3761,2019082600100483,2019년 8월 26일 16시,월요일,경상북도 구미시 남통동,중상사고,0,1,0,0,차대사람 - 기타,보행자보호의무위반,포장 - 건조,맑음,단일로 - 기타,승용,남,31세,상해없음,보행자,여,7세,중상
3762,2019082600100523,2019년 8월 26일 17시,월요일,경상북도 포항시 북구 장성동,경상사고,0,0,1,0,차대사람 - 횡단중,보행자보호의무위반,포장 - 건조,맑음,교차로 - 교차로부근,승용,여,53세,상해없음,보행자,남,48세,경상
3763,2019082700100166,2019년 8월 27일 08시,화요일,경상북도 영주시 휴천동,경상사고,0,0,1,0,차대사람 - 기타,안전운전불이행,포장 - 젖음/습기,비,기타 - 기타,화물,여,67세,상해없음,보행자,여,28세,경상
3764,2019082700100299,2019년 8월 27일 12시,화요일,경상북도 구미시 옥계동,경상사고,0,0,1,0,차대사람 - 횡단중,보행자보호의무위반,포장 - 건조,맑음,교차로 - 교차로횡단보도내,승용,여,59세,상해없음,보행자,남,43세,경상
3765,2019082700100520,2019년 8월 27일 18시,화요일,경상북도 경산시 중방동,경상사고,0,0,1,0,차대사람 - 횡단중,보행자보호의무위반,포장 - 건조,맑음,교차로 - 교차로횡단보도내,승용,여,57세,상해없음,보행자,여,60세,경상
3766,2019082700100521,2019년 8월 27일 18시,화요일,경상북도 구미시 고아읍,경상사고,0,0,1,0,차대사람 - 기타,안전운전불이행,포장 - 건조,맑음,단일로 - 기타,승용,남,64세,상해없음,보행자,남,53세,경상
3767,2019082700100600,2019년 8월 27일 20시,화요일,경상북도 포항시 남구 오천읍,중상사고,0,1,0,0,차대사람 - 기타,중앙선침범,포장 - 젖음/습기,비,단일로 - 기타,화물,남,25세,상해없음,보행자,여,51세,중상
3768,2019082800100148,2019년 8월 28일 08시,수요일,경상북도 성주군 초전면,경상사고,0,0,1,0,차대사람 - 차도통행중,안전운전불이행,포장 - 젖음/습기,비,교차로 - 교차로안,화물,남,59세,상해없음,보행자,여,71세,경상
3769,2019082800100214,2019년 8월 28일 10시,수요일,경상북도 포항시 북구 용흥동,중상사고,0,1,0,0,차대사람 - 횡단중,안전운전불이행,포장 - 젖음/습기,비,단일로 - 기타,승용,남,77세,기타불명,보행자,여,67세,중상
3770,2019082800100275,2019년 8월 28일 12시,수요일,경상북도 영덕군 강구면,중상사고,0,1,0,0,차대사람 - 기타,안전운전불이행,포장 - 건조,맑음,단일로 - 기타,화물,남,38세,상해없음,보행자,여,78세,중상
3771,2019082800100339,2019년 8월 28일 14시,수요일,경상북도 포항시 북구 두호동,경상사고,0,0,1,0,차대사람 - 차도통행중,불법유턴,포장 - 건조,맑음,단일로 - 기타,승용,남,60세,상해없음,보행자,여,37세,경상
3772,2019082800100494,2019년 8월 28일 18시,수요일,경상북도 영주시 휴천동,경상사고,0,0,1,0,차대사람 - 횡단중,보행자보호의무위반,포장 - 건조,맑음,교차로 - 교차로횡단보도내,승용,여,49세,상해없음,보행자,여,18세,경상
3773,2019082800100547,2019년 8월 28일 19시,수요일,경상북도 상주시 남성동,경상사고,0,0,1,0,차대사람 - 횡단중,보행자보호의무위반,포장 - 건조,맑음,교차로 - 교차로안,승용,여,48세,상해없음,보행자,남,24세,경상
3774,2019082800100551,2019년 8월 28일 19시,수요일,경상북도 구미시 원평동,중상사고,0,1,0,0,차대사람 - 차도통행중,안전운전불이행,포장 - 건조,맑음,단일로 - 기타,승용,남,43세,상해없음,보행자,남,54세,중상
3775,2019082800100598,2019년 8월 28일 21시,수요일,경상북도 구미시 구평동,경상사고,0,0,1,0,차대사람 - 기타,안전운전불이행,포장 - 건조,맑음,주차장 - 주차장,승용,여,39세,상해없음,보행자,여,50세,경상
3776,2019082800100648,2019년 8월 28일 23시,수요일,경상북도 칠곡군 왜관읍,사망사고,1,0,0,0,차대사람 - 횡단중,안전운전불이행,포장 - 건조,맑음,교차로 - 교차로부근,승용,남,23세,상해없음,보행자,남,23세,사망
3777,2019082900100160,2019년 8월 29일 09시,목요일,경상북도 구미시 남통동,경상사고,0,0,1,0,차대사람 - 기타,안전운전불이행,포장 - 건조,맑음,교차로 - 교차로안,승용,남,56세,상해없음,보행자,여,61세,경상
3778,2019082900100244,2019년 8월 29일 12시,목요일,경상북도 경주시 건천읍,경상사고,0,0,1,0,차대사람 - 횡단중,안전운전불이행,포장 - 건조,맑음,주차장 - 주차장,승용,남,39세,상해없음,보행자,여,79세,경상
3779,2019082900100538,2019년 8월 29일 19시,목요일,경상북도 포항시 남구 송도동,중상사고,0,1,0,0,차대사람 - 기타,안전운전불이행,포장 - 건조,맑음,단일로 - 기타,승용,남,29세,상해없음,보행자,남,63세,중상
3780,2019082900100620,2019년 8월 29일 21시,목요일,경상북도 포항시 북구 죽도동,중상사고,0,1,0,0,차대사람 - 횡단중,보행자보호의무위반,포장 - 건조,맑음,단일로 - 기타,승용,남,68세,상해없음,보행자,여,53세,중상
3781,2019082900100621,2019년 8월 29일 21시,목요일,경상북도 칠곡군 지천면,경상사고,0,0,1,0,차대사람 - 길가장자리구역통행중,안전운전불이행,포장 - 건조,흐림,단일로 - 기타,기타불명,기타불명,미분류,기타불명,보행자,남,28세,경상
3782,2019082900100658,2019년 8월 29일 22시,목요일,경상북도 문경시 모전동,경상사고,0,0,1,0,차대사람 - 횡단중,안전운전불이행,포장 - 건조,맑음,단일로 - 기타,승용,여,57세,상해없음,보행자,남,40세,경상
3783,2019083000100035,2019년 8월 30일 00시,금요일,경상북도 구미시 황상동,경상사고,0,0,1,0,차대사람 - 기타,안전운전불이행,포장 - 건조,맑음,교차로 - 교차로안,승합,남,69세,상해없음,보행자,여,58세,경상
3784,2019083000100056,2019년 8월 30일 02시,금요일,경상북도 포항시 남구 연일읍,경상사고,0,0,1,0,차대사람 - 기타,안전운전불이행,포장 - 건조,맑음,단일로 - 기타,승용,남,59세,상해없음,보행자,여,36세,경상
3785,2019083000100389,2019년 8월 30일 14시,금요일,경상북도 문경시 문경읍,사망사고,1,0,0,0,차대사람 - 횡단중,안전운전불이행,포장 - 건조,맑음,단일로 - 기타,승용,남,59세,상해없음,보행자,남,40세,사망
3786,2019083000100541,2019년 8월 30일 17시,금요일,경상북도 김천시 남면,중상사고,0,1,0,0,차대사람 - 차도통행중,안전운전불이행,포장 - 건조,맑음,단일로 - 기타,승용,남,64세,상해없음,보행자,남,3세,중상
3787,2019083000100544,2019년 8월 30일 17시,금요일,경상북도 구미시 해평면,경상사고,0,0,1,0,차대사람 - 횡단중,교차로운행방법위반,포장 - 건조,맑음,교차로 - 교차로안,승용,여,47세,상해없음,보행자,남,73세,경상
3788,2019083000100597,2019년 8월 30일 18시,금요일,경상북도 경주시 건천읍,경상사고,0,0,1,0,차대사람 - 횡단중,안전운전불이행,포장 - 건조,맑음,단일로 - 기타,승용,남,32세,상해없음,보행자,남,10세,경상
3789,2019083000100603,2019년 8월 30일 18시,금요일,경상북도 포항시 남구 대도동,중상사고,0,1,0,0,차대사람 - 길가장자리구역통행중,안전운전불이행,포장 - 건조,맑음,단일로 - 기타,승용,여,26세,상해없음,보행자,여,26세,중상
3790,2019083000100673,2019년 8월 30일 19시,금요일,경상북도 경주시 용강동,중상사고,0,1,0,0,차대사람 - 차도통행중,안전운전불이행,포장 - 건조,맑음,단일로 - 기타,승용,남,60세,상해없음,보행자,여,12세,중상
3791,2019083100100039,2019년 8월 31일 00시,토요일,경상북도 구미시 도량동,중상사고,0,1,0,0,차대사람 - 기타,안전운전불이행,포장 - 건조,맑음,단일로 - 기타,승용,남,23세,상해없음,보행자,남,59세,중상
3792,2019083100100110,2019년 8월 31일 04시,토요일,경상북도 포항시 남구 해도동,경상사고,0,0,1,0,차대사람 - 기타,안전운전불이행,포장 - 건조,맑음,교차로 - 교차로안,승용,남,71세,상해없음,보행자,남,57세,경상
3793,2019083100100195,2019년 8월 31일 08시,토요일,경상북도 포항시 남구 오천읍,경상사고,0,0,1,0,차대사람 - 횡단중,안전운전불이행,포장 - 건조,맑음,교차로 - 교차로안,승용,남,59세,상해없음,보행자,남,8세,경상
3794,2019083100100590,2019년 8월 31일 18시,토요일,경상북도 경산시 하양읍,경상사고,0,0,1,0,차대사람 - 기타,기타,포장 - 건조,맑음,단일로 - 기타,승용,남,63세,상해없음,보행자,여,21세,경상
3795,2019083100100639,2019년 8월 31일 19시,토요일,경상북도 영천시 금호읍,경상사고,0,0,1,0,차대사람 - 기타,안전운전불이행,포장 - 건조,맑음,교차로 - 교차로안,승용,남,62세,상해없음,보행자,남,25세,경상
3796,2019083100100681,2019년 8월 31일 20시,토요일,경상북도 경산시 옥산동,경상사고,0,0,1,0,차대사람 - 보도통행중,안전운전불이행,포장 - 건조,맑음,단일로 - 기타,자전거,남,80세,경상,보행자,남,48세,상해없음
3797,2019090100100431,2019년 9월 1일 19시,일요일,경상북도 칠곡군 약목면,경상사고,0,0,1,0,차대사람 - 횡단중,안전운전불이행,포장 - 건조,맑음,단일로 - 기타,승용,여,48세,상해없음,보행자,남,50세,경상
3798,2019090100100465,2019년 9월 1일 20시,일요일,경상북도 안동시 운흥동,중상사고,0,1,0,0,차대사람 - 횡단중,안전운전불이행,포장 - 건조,맑음,단일로 - 기타,승용,남,58세,상해없음,보행자,남,82세,중상
3799,2019090100100467,2019년 9월 1일 20시,일요일,경상북도 칠곡군 석적읍,경상사고,0,0,1,0,차대사람 - 횡단중,안전운전불이행,포장 - 건조,맑음,교차로 - 교차로횡단보도내,승용,남,33세,상해없음,보행자,여,70세,경상
3800,2019090100100470,2019년 9월 1일 20시,일요일,경상북도 구미시 원평동,경상사고,0,0,2,0,차대사람 - 기타,신호위반,포장 - 건조,맑음,단일로 - 기타,승용,남,24세,상해없음,보행자,남,30세,경상
3801,2019090100100487,2019년 9월 1일 21시,일요일,경상북도 구미시 옥계동,경상사고,0,0,1,0,차대사람 - 기타,안전운전불이행,포장 - 건조,맑음,단일로 - 기타,승용,남,43세,상해없음,보행자,남,17세,경상
3802,2019090200100100,2019년 9월 2일 07시,월요일,경상북도 포항시 남구 대도동,경상사고,0,0,1,0,차대사람 - 기타,안전운전불이행,포장 - 건조,맑음,단일로 - 기타,화물,남,49세,상해없음,보행자,남,20세,경상
3803,2019090200100388,2019년 9월 2일 14시,월요일,경상북도 안동시 평화동,중상사고,0,1,0,0,차대사람 - 횡단중,안전운전불이행,포장 - 적설,맑음,단일로 - 기타,화물,남,60세,상해없음,보행자,남,79세,중상
3804,2019090200100494,2019년 9월 2일 17시,월요일,경상북도 문경시 유곡동,중상사고,0,1,0,1,차대사람 - 기타,안전운전불이행,포장 - 건조,흐림,단일로 - 기타,승용,여,26세,상해없음,보행자,남,27세,중상
3805,2019090200100595,2019년 9월 2일 19시,월요일,경상북도 안동시 송현동,중상사고,0,1,0,0,차대사람 - 기타,안전운전불이행,포장 - 젖음/습기,비,단일로 - 기타,승용,여,29세,상해없음,보행자,남,48세,중상
3806,2019090200100686,2019년 9월 2일 21시,월요일,경상북도 구미시 진평동,중상사고,0,1,0,0,차대사람 - 횡단중,신호위반,포장 - 젖음/습기,비,교차로 - 교차로횡단보도내,승용,남,65세,상해없음,보행자,여,44세,중상
3807,2019090300100030,2019년 9월 3일 00시,화요일,경상북도 경산시 옥산동,중상사고,0,1,0,0,차대사람 - 횡단중,안전운전불이행,포장 - 젖음/습기,흐림,교차로 - 교차로안,승합,남,42세,상해없음,보행자,남,53세,중상
3808,2019090300100041,2019년 9월 3일 01시,화요일,경상북도 경산시 진량읍,중상사고,0,1,0,0,차대사람 - 횡단중,신호위반,포장 - 젖음/습기,비,교차로 - 교차로안,화물,남,44세,상해없음,보행자,여,87세,중상
3809,2019090300100109,2019년 9월 3일 07시,화요일,경상북도 구미시 황상동,경상사고,0,0,1,0,차대사람 - 기타,안전운전불이행,포장 - 건조,흐림,주차장 - 주차장,승용,남,44세,상해없음,보행자,남,28세,경상
3810,2019090300100347,2019년 9월 3일 14시,화요일,경상북도 경주시 감포읍,중상사고,0,1,0,0,차대사람 - 차도통행중,안전운전불이행,포장 - 건조,맑음,단일로 - 지하차도(도로)내,화물,남,59세,상해없음,보행자,남,80세,중상
3811,2019090300100348,2019년 9월 3일 14시,화요일,경상북도 안동시 와룡면,사망사고,1,0,0,0,차대사람 - 기타,안전운전불이행,포장 - 젖음/습기,비,단일로 - 기타,화물,남,64세,상해없음,보행자,여,76세,사망
3812,2019090300100434,2019년 9월 3일 16시,화요일,경상북도 영주시 가흥동,중상사고,0,1,0,0,차대사람 - 횡단중,보행자보호의무위반,포장 - 젖음/습기,비,단일로 - 기타,이륜,남,39세,상해없음,보행자,여,60세,중상
3813,2019090300100481,2019년 9월 3일 17시,화요일,경상북도 경주시 동천동,중상사고,0,1,0,0,차대사람 - 횡단중,보행자보호의무위반,포장 - 건조,맑음,교차로 - 교차로횡단보도내,승용,남,50세,상해없음,보행자,남,44세,중상
3814,2019090300100533,2019년 9월 3일 18시,화요일,경상북도 경산시 중방동,경상사고,0,0,1,0,차대사람 - 기타,안전운전불이행,포장 - 젖음/습기,비,단일로 - 기타,승용,여,65세,기타불명,보행자,남,68세,경상
3815,2019090400100055,2019년 9월 4일 04시,수요일,경상북도 포항시 남구 해도동,경상사고,0,0,1,0,차대사람 - 기타,안전운전불이행,포장 - 건조,맑음,단일로 - 기타,승용,남,58세,상해없음,보행자,여,58세,경상
3816,2019090400100538,2019년 9월 4일 19시,수요일,경상북도 김천시 삼락동,경상사고,0,0,1,0,차대사람 - 보도통행중,안전운전불이행,포장 - 건조,맑음,단일로 - 기타,화물,여,46세,기타불명,보행자,남,28세,경상
3817,2019090400100539,2019년 9월 4일 19시,수요일,경상북도 경산시 옥곡동,중상사고,0,1,0,0,차대사람 - 보도통행중,보행자보호의무위반,포장 - 건조,맑음,교차로 - 교차로횡단보도내,승용,여,52세,기타불명,보행자,여,75세,중상
3818,2019090400100591,2019년 9월 4일 20시,수요일,경상북도 안동시 남문동,경상사고,0,0,2,0,차대사람 - 횡단중,보행자보호의무위반,포장 - 건조,맑음,교차로 - 교차로안,승용,여,37세,상해없음,보행자,남,33세,경상
3819,2019090400100625,2019년 9월 4일 21시,수요일,경상북도 경산시 옥산동,경상사고,0,0,1,0,차대사람 - 차도통행중,안전운전불이행,포장 - 건조,맑음,단일로 - 기타,이륜,남,19세,상해없음,보행자,남,46세,경상
3820,2019090500100213,2019년 9월 5일 09시,목요일,경상북도 김천시 모암동,중상사고,0,1,0,0,차대사람 - 횡단중,신호위반,포장 - 건조,흐림,단일로 - 기타,승용,남,69세,상해없음,보행자,여,60세,중상
3821,2019090500100300,2019년 9월 5일 12시,목요일,경상북도 울진군 죽변면,사망사고,1,0,0,0,차대사람 - 기타,안전운전불이행,포장 - 건조,맑음,교차로 - 교차로부근,화물,남,41세,상해없음,보행자,남,56세,사망
3822,2019090500100329,2019년 9월 5일 13시,목요일,경상북도 의성군 의성읍,경상사고,0,0,1,0,차대사람 - 횡단중,중앙선침범,포장 - 건조,맑음,교차로 - 교차로부근,승용,남,43세,상해없음,보행자,남,83세,경상
3823,2019090500100450,2019년 9월 5일 16시,목요일,경상북도 안동시 태화동,경상사고,0,0,1,0,차대사람 - 횡단중,보행자보호의무위반,포장 - 젖음/습기,비,교차로 - 교차로횡단보도내,승합,남,40세,상해없음,보행자,여,12세,경상
3824,2019090500100491,2019년 9월 5일 17시,목요일,경상북도 울릉군 울릉읍,경상사고,0,0,1,0,차대사람 - 기타,안전운전불이행,포장 - 건조,맑음,단일로 - 기타,승용,남,68세,상해없음,보행자,여,59세,경상
3825,2019090500100586,2019년 9월 5일 19시,목요일,경상북도 영주시 영주동,중상사고,0,1,0,0,차대사람 - 횡단중,보행자보호의무위반,포장 - 젖음/습기,비,교차로 - 교차로안,승용,여,68세,상해없음,보행자,남,68세,중상
3826,2019090500100656,2019년 9월 5일 21시,목요일,경상북도 포항시 남구 지곡동,경상사고,0,0,1,0,차대사람 - 차도통행중,안전운전불이행,포장 - 건조,맑음,단일로 - 기타,승용,여,27세,상해없음,보행자,남,57세,경상
3827,2019090600100070,2019년 9월 6일 05시,금요일,경상북도 경산시 중방동,부상신고사고,0,0,0,1,차대사람 - 횡단중,안전운전불이행,포장 - 건조,흐림,교차로 - 교차로횡단보도내,기타불명,기타불명,미분류,기타불명,보행자,남,70세,부상신고
3828,2019090600100122,2019년 9월 6일 08시,금요일,경상북도 영천시 금호읍,경상사고,0,0,1,0,차대사람 - 횡단중,안전운전불이행,포장 - 건조,맑음,단일로 - 기타,이륜,남,44세,상해없음,보행자,여,80세,경상
3829,2019090600100123,2019년 9월 6일 08시,금요일,경상북도 경산시 자인면,사망사고,1,0,0,0,차대사람 - 횡단중,안전운전불이행,포장 - 건조,맑음,단일로 - 기타,승합,남,22세,상해없음,보행자,남,61세,사망
3830,2019090600100178,2019년 9월 6일 10시,금요일,경상북도 상주시 서성동,경상사고,0,0,1,0,차대사람 - 기타,안전운전불이행,포장 - 건조,맑음,단일로 - 기타,승용,여,38세,상해없음,보행자,남,60세,경상
3831,2019090600100179,2019년 9월 6일 10시,금요일,경상북도 영천시 완산동,중상사고,0,1,0,0,차대사람 - 횡단중,보행자보호의무위반,포장 - 건조,맑음,교차로 - 교차로횡단보도내,승용,남,68세,상해없음,보행자,남,85세,중상
3832,2019090600100348,2019년 9월 6일 15시,금요일,경상북도 구미시 오태동,경상사고,0,0,1,0,차대사람 - 기타,기타,포장 - 건조,맑음,기타 - 기타,특수,남,50세,상해없음,보행자,남,37세,경상
3833,2019090600100400,2019년 9월 6일 16시,금요일,경상북도 포항시 북구 흥해읍,경상사고,0,0,1,0,차대사람 - 횡단중,안전운전불이행,포장 - 건조,맑음,단일로 - 기타,승용,여,57세,상해없음,보행자,남,9세,경상
3834,2019090600100450,2019년 9월 6일 17시,금요일,경상북도 김천시 신음동,부상신고사고,0,0,0,1,차대사람 - 보도통행중,안전운전불이행,포장 - 건조,맑음,교차로 - 교차로부근,기타불명,기타불명,미분류,기타불명,보행자,남,39세,부상신고
3835,2019090600100552,2019년 9월 6일 19시,금요일,경상북도 포항시 북구 죽도동,중상사고,0,1,0,0,차대사람 - 기타,안전운전불이행,포장 - 건조,맑음,교차로 - 교차로안,승용,남,47세,상해없음,보행자,여,52세,중상
3836,2019090600100645,2019년 9월 6일 21시,금요일,경상북도 고령군 대가야읍,중상사고,0,1,0,1,차대사람 - 차도통행중,안전운전불이행,포장 - 건조,맑음,교차로 - 교차로안,원동기,남,69세,부상신고,보행자,여,78세,중상
3837,2019090700100065,2019년 9월 7일 01시,토요일,경상북도 구미시 해평면,사망사고,1,0,0,0,차대사람 - 기타,중앙선침범,포장 - 건조,맑음,단일로 - 기타,화물,남,48세,상해없음,보행자,여,74세,사망
3838,2019090700100150,2019년 9월 7일 08시,토요일,경상북도 경주시 성건동,경상사고,0,0,1,0,차대사람 - 차도통행중,안전운전불이행,포장 - 젖음/습기,비,단일로 - 기타,화물,남,46세,상해없음,보행자,여,68세,경상
3839,2019090700100266,2019년 9월 7일 12시,토요일,경상북도 안동시 수상동,경상사고,0,0,1,0,차대사람 - 기타,기타,포장 - 건조,흐림,단일로 - 기타,승용,여,64세,기타불명,보행자,남,57세,경상
3840,2019090700100342,2019년 9월 7일 16시,토요일,경상북도 영양군 입암면,중상사고,0,1,0,0,차대사람 - 길가장자리구역통행중,안전운전불이행,포장 - 건조,맑음,교차로 - 교차로부근,승용,남,49세,상해없음,보행자,여,77세,중상
3841,2019090700100423,2019년 9월 7일 19시,토요일,경상북도 안동시 용상동,경상사고,0,0,1,0,차대사람 - 기타,신호위반,포장 - 건조,맑음,교차로 - 교차로안,승용,여,35세,상해없음,보행자,여,19세,경상
3842,2019090800100025,2019년 9월 8일 00시,일요일,경상북도 안동시 옥야동,경상사고,0,0,1,0,차대사람 - 기타,안전운전불이행,포장 - 건조,맑음,단일로 - 기타,승용,남,74세,상해없음,보행자,남,42세,경상
3843,2019090800100163,2019년 9월 8일 11시,일요일,경상북도 영천시 고경면,경상사고,0,0,1,0,차대사람 - 기타,안전운전불이행,포장 - 건조,맑음,단일로 - 기타,승합,남,55세,상해없음,보행자,여,40세,경상