,사고번호,사고일시,요일,시군구,사고내용,사망자수,중상자수,경상자수,부상신고자수,사고유형,법규위반,노면상태,기상상태,도로형태,가해운전자 차종,가해운전자 성별,가해운전자 연령,가해운전자 상해정도,피해운전자 차종,피해운전자 성별,피해운전자 연령,피해운전자 상해정도
4061,2019100700100495,2019년 10월 7일 17시,월요일,경상북도 칠곡군 석적읍,부상신고사고,0,0,0,1,차대사람 - 기타,안전운전불이행,포장 - 건조,맑음,교차로 - 교차로부근,기타불명,기타불명,미분류,기타불명,보행자,남,5세,부상신고
4062,2019100700100545,2019년 10월 7일 18시,월요일,경상북도 김천시 율곡동,경상사고,0,0,2,0,차대사람 - 기타,안전운전불이행,포장 - 젖음/습기,비,교차로 - 교차로안,승용,여,40세,상해없음,보행자,남,54세,경상
4063,2019100700100550,2019년 10월 7일 18시,월요일,경상북도 포항시 남구 연일읍,중상사고,0,2,0,0,차대사람 - 횡단중,보행자보호의무위반,포장 - 젖음/습기,비,교차로 - 교차로횡단보도내,승용,여,42세,상해없음,보행자,여,13세,중상
4064,2019100800100194,2019년 10월 8일 09시,화요일,경상북도 경주시 황성동,중상사고,0,1,0,0,차대사람 - 기타,안전운전불이행,포장 - 건조,맑음,단일로 - 기타,승용,여,45세,상해없음,보행자,여,76세,중상
4065,2019100800100378,2019년 10월 8일 14시,화요일,경상북도 영천시 북안면,중상사고,0,1,0,0,차대사람 - 횡단중,안전운전불이행,포장 - 건조,맑음,교차로 - 교차로안,화물,남,38세,상해없음,보행자,여,72세,중상
4066,2019100800100428,2019년 10월 8일 15시,화요일,경상북도 영주시 휴천동,경상사고,0,0,1,0,차대사람 - 횡단중,보행자보호의무위반,포장 - 건조,맑음,단일로 - 기타,승용,여,43세,상해없음,보행자,여,40세,경상
4067,2019100800100518,2019년 10월 8일 17시,화요일,경상북도 구미시 원평동,경상사고,0,0,1,0,차대사람 - 횡단중,보행자보호의무위반,포장 - 건조,맑음,교차로 - 교차로횡단보도내,승용,여,57세,상해없음,보행자,여,50세,경상
4068,2019100800100579,2019년 10월 8일 18시,화요일,경상북도 칠곡군 왜관읍,중상사고,0,1,0,0,차대사람 - 횡단중,안전운전불이행,포장 - 건조,맑음,교차로 - 교차로안,화물,남,56세,상해없음,보행자,여,70세,중상
4069,2019100800100648,2019년 10월 8일 19시,화요일,경상북도 구미시 원평동,경상사고,0,0,1,0,차대사람 - 횡단중,안전운전불이행,포장 - 건조,맑음,교차로 - 교차로안,승용,남,62세,상해없음,보행자,남,21세,경상
4070,2019100800100690,2019년 10월 8일 20시,화요일,경상북도 구미시 신평동,중상사고,0,1,0,0,차대사람 - 횡단중,보행자보호의무위반,포장 - 건조,맑음,교차로 - 교차로부근,승용,남,55세,상해없음,보행자,여,67세,중상
4071,2019100900100114,2019년 10월 9일 06시,수요일,경상북도 포항시 북구 죽도동,경상사고,0,0,1,0,차대사람 - 차도통행중,안전운전불이행,포장 - 건조,맑음,단일로 - 기타,승용,남,56세,상해없음,보행자,남,69세,경상
4072,2019100900100132,2019년 10월 9일 07시,수요일,경상북도 영주시 단산면,중상사고,0,1,0,0,차대사람 - 기타,안전운전불이행,포장 - 건조,맑음,단일로 - 기타,화물,남,78세,상해없음,보행자,여,78세,중상
4073,2019100900100151,2019년 10월 9일 08시,수요일,경상북도 경산시 와촌면,경상사고,0,0,1,0,차대사람 - 차도통행중,안전운전불이행,포장 - 건조,맑음,단일로 - 기타,화물,남,66세,상해없음,보행자,남,48세,경상
4074,2019100900100177,2019년 10월 9일 09시,수요일,경상북도 칠곡군 왜관읍,중상사고,0,1,0,0,차대사람 - 횡단중,안전운전불이행,포장 - 건조,맑음,교차로 - 교차로안,승용,여,60세,상해없음,보행자,여,75세,중상
4075,2019100900100341,2019년 10월 9일 14시,수요일,경상북도 경주시 노서동,중상사고,0,1,0,0,차대사람 - 길가장자리구역통행중,안전운전불이행,포장 - 건조,맑음,교차로 - 교차로부근,승용,여,61세,상해없음,보행자,남,51세,중상
4076,2019100900100374,2019년 10월 9일 15시,수요일,경상북도 경주시 안강읍,경상사고,0,0,1,0,차대사람 - 길가장자리구역통행중,안전운전불이행,포장 - 건조,맑음,단일로 - 기타,이륜,남,73세,상해없음,보행자,여,62세,경상
4077,2019100900100417,2019년 10월 9일 16시,수요일,경상북도 칠곡군 왜관읍,경상사고,0,0,1,0,차대사람 - 횡단중,안전운전불이행,포장 - 건조,맑음,교차로 - 교차로안,승용,여,63세,상해없음,보행자,남,10세,경상
4078,2019100900100418,2019년 10월 9일 16시,수요일,경상북도 구미시 비산동,중상사고,0,1,0,0,차대사람 - 횡단중,보행자보호의무위반,포장 - 건조,맑음,교차로 - 교차로부근,승용,여,56세,상해없음,보행자,남,5세,중상
4079,2019100900100607,2019년 10월 9일 21시,수요일,경상북도 경산시 상방동,중상사고,0,1,0,0,차대사람 - 횡단중,보행자보호의무위반,포장 - 건조,맑음,교차로 - 교차로횡단보도내,승용,여,60세,상해없음,보행자,남,25세,중상
4080,2019101000100059,2019년 10월 10일 05시,목요일,경상북도 경주시 교동,중상사고,0,1,0,0,차대사람 - 횡단중,보행자보호의무위반,포장 - 건조,맑음,교차로 - 교차로횡단보도내,승용,남,75세,상해없음,보행자,남,58세,중상
4081,2019101000100060,2019년 10월 10일 05시,목요일,경상북도 포항시 남구 오천읍,사망사고,2,0,0,0,차대사람 - 차도통행중,안전운전불이행,포장 - 건조,맑음,단일로 - 기타,승용,남,48세,상해없음,보행자,남,77세,사망
4082,2019101000100096,2019년 10월 10일 07시,목요일,경상북도 구미시 원평동,중상사고,0,1,0,0,차대사람 - 횡단중,보행자보호의무위반,포장 - 건조,맑음,교차로 - 교차로횡단보도내,승용,남,58세,상해없음,보행자,여,69세,중상
4083,2019101000100097,2019년 10월 10일 07시,목요일,경상북도 구미시 지산동,중상사고,0,1,1,0,차대사람 - 횡단중,보행자보호의무위반,포장 - 건조,맑음,교차로 - 교차로횡단보도내,승합,남,66세,상해없음,보행자,여,31세,중상
4084,2019101000100144,2019년 10월 10일 08시,목요일,경상북도 안동시 송현동,경상사고,0,0,1,0,차대사람 - 길가장자리구역통행중,보행자보호의무위반,포장 - 건조,맑음,단일로 - 기타,승합,남,46세,상해없음,보행자,남,5세,경상
4085,2019101000100186,2019년 10월 10일 09시,목요일,경상북도 칠곡군 왜관읍,중상사고,0,1,0,0,차대사람 - 횡단중,보행자보호의무위반,포장 - 건조,맑음,교차로 - 교차로안,화물,남,46세,상해없음,보행자,여,84세,중상
4086,2019101000100257,2019년 10월 10일 11시,목요일,경상북도 경산시 삼북동,중상사고,0,1,0,0,차대사람 - 차도통행중,안전운전불이행,포장 - 건조,맑음,단일로 - 기타,승용,여,45세,상해없음,보행자,여,83세,중상
4087,2019101000100366,2019년 10월 10일 14시,목요일,경상북도 안동시 안기동,경상사고,0,0,1,0,차대사람 - 기타,안전운전불이행,포장 - 건조,맑음,교차로 - 교차로부근,승용,여,67세,상해없음,보행자,여,58세,경상
4088,2019101000100409,2019년 10월 10일 15시,목요일,경상북도 포항시 북구 두호동,경상사고,0,0,1,0,차대사람 - 횡단중,보행자보호의무위반,포장 - 건조,맑음,교차로 - 교차로횡단보도내,승용,남,48세,상해없음,보행자,여,64세,경상
4089,2019101000100463,2019년 10월 10일 16시,목요일,경상북도 포항시 남구 장흥동,중상사고,0,1,0,0,차대사람 - 기타,기타,포장 - 건조,맑음,단일로 - 기타,화물,남,51세,상해없음,보행자,남,57세,중상
4090,2019101000100650,2019년 10월 10일 20시,목요일,경상북도 경산시 사동,경상사고,0,0,1,0,차대사람 - 횡단중,보행자보호의무위반,포장 - 건조,맑음,교차로 - 교차로횡단보도내,승용,여,24세,상해없음,보행자,남,39세,경상
4091,2019101000100686,2019년 10월 10일 21시,목요일,경상북도 구미시 옥계동,중상사고,0,1,0,0,차대사람 - 횡단중,보행자보호의무위반,포장 - 건조,맑음,교차로 - 교차로부근,화물,남,39세,상해없음,보행자,남,56세,중상
4092,2019101100100207,2019년 10월 11일 09시,금요일,경상북도 포항시 북구 우현동,중상사고,0,1,0,0,차대사람 - 횡단중,보행자보호의무위반,포장 - 건조,맑음,교차로 - 교차로횡단보도내,승용,여,38세,상해없음,보행자,남,71세,중상
4093,2019101100100472,2019년 10월 11일 16시,금요일,경상북도 영천시 금호읍,중상사고,0,1,0,0,차대사람 - 차도통행중,안전운전불이행,포장 - 건조,맑음,교차로 - 교차로안,화물,남,73세,상해없음,보행자,여,22세,중상
4094,2019101100100583,2019년 10월 11일 18시,금요일,경상북도 안동시 용상동,경상사고,0,0,1,0,차대사람 - 횡단중,보행자보호의무위반,포장 - 건조,맑음,교차로 - 교차로횡단보도내,승용,남,52세,상해없음,보행자,남,36세,경상
4095,2019101100100584,2019년 10월 11일 18시,금요일,경상북도 김천시 신음동,경상사고,0,0,1,0,차대사람 - 횡단중,보행자보호의무위반,포장 - 건조,맑음,단일로 - 기타,승용,여,34세,상해없음,보행자,여,75세,경상
4096,2019101100100705,2019년 10월 11일 20시,금요일,경상북도 청송군 부남면,사망사고,1,2,0,0,차대사람 - 횡단중,안전운전불이행,포장 - 건조,맑음,단일로 - 지하차도(도로)내,승용,남,76세,상해없음,보행자,여,77세,사망
4097,2019101200100069,2019년 10월 12일 02시,토요일,경상북도 안동시 동부동,경상사고,0,0,1,0,차대사람 - 기타,안전운전불이행,포장 - 건조,맑음,교차로 - 교차로부근,화물,남,45세,상해없음,보행자,남,33세,경상
4098,2019101200100368,2019년 10월 12일 13시,토요일,경상북도 영천시 완산동,경상사고,0,0,1,0,차대사람 - 횡단중,안전운전불이행,포장 - 건조,맑음,교차로 - 교차로부근,특수,남,42세,상해없음,보행자,여,62세,경상
4099,2019101200100416,2019년 10월 12일 14시,토요일,경상북도 의성군 의성읍,경상사고,0,0,1,0,차대사람 - 횡단중,안전운전불이행,포장 - 건조,맑음,단일로 - 기타,승합,남,40세,상해없음,보행자,남,23세,경상
4100,2019101200100470,2019년 10월 12일 15시,토요일,경상북도 경주시 감포읍,중상사고,0,1,0,0,차대사람 - 길가장자리구역통행중,안전운전불이행,포장 - 건조,맑음,교차로 - 교차로부근,승용,여,29세,상해없음,보행자,남,63세,중상
4101,2019101200100530,2019년 10월 12일 16시,토요일,경상북도 포항시 남구 연일읍,경상사고,0,0,1,0,차대사람 - 기타,안전운전불이행,포장 - 건조,맑음,단일로 - 기타,자전거,여,48세,상해없음,보행자,여,81세,경상
4102,2019101200100563,2019년 10월 12일 17시,토요일,경상북도 상주시 남성동,중상사고,0,1,0,0,차대사람 - 횡단중,안전운전불이행,포장 - 건조,맑음,단일로 - 기타,이륜,여,67세,기타불명,보행자,남,18세,중상
4103,2019101200100608,2019년 10월 12일 18시,토요일,경상북도 경산시 조영동,경상사고,0,0,1,0,차대사람 - 보도통행중,기타,포장 - 건조,맑음,단일로 - 기타,자전거,남,22세,상해없음,보행자,남,35세,경상
4104,2019101200100653,2019년 10월 12일 19시,토요일,경상북도 경산시 옥산동,경상사고,0,0,1,0,차대사람 - 횡단중,신호위반,포장 - 건조,맑음,교차로 - 교차로안,이륜,남,30세,상해없음,보행자,여,50세,경상
4105,2019101200100692,2019년 10월 12일 20시,토요일,경상북도 구미시 신평동,사망사고,1,0,1,0,차대사람 - 기타,안전운전불이행,포장 - 건조,맑음,교차로 - 교차로부근,승용,여,47세,경상,보행자,남,49세,사망
4106,2019101200100693,2019년 10월 12일 20시,토요일,경상북도 포항시 남구 해도동,중상사고,0,1,0,0,차대사람 - 차도통행중,과속,포장 - 건조,맑음,교차로 - 교차로부근,승용,남,48세,상해없음,보행자,남,58세,중상
4107,2019101200100725,2019년 10월 12일 21시,토요일,경상북도 김천시 부곡동,중상사고,0,1,0,0,차대사람 - 기타,안전운전불이행,포장 - 기타,맑음,기타 - 기타,승용,남,48세,상해없음,보행자,남,48세,중상
4108,2019101200100728,2019년 10월 12일 21시,토요일,경상북도 구미시 임수동,중상사고,0,1,0,0,차대사람 - 기타,안전운전불이행,포장 - 건조,맑음,단일로 - 기타,승용,남,35세,상해없음,보행자,여,55세,중상
4109,2019101200100730,2019년 10월 12일 21시,토요일,경상북도 포항시 남구 해도동,중상사고,0,1,0,0,차대사람 - 횡단중,안전운전불이행,포장 - 건조,흐림,교차로 - 교차로횡단보도내,기타불명,기타불명,미분류,기타불명,보행자,남,63세,중상
4110,2019101300100024,2019년 10월 13일 00시,일요일,경상북도 포항시 북구 흥해읍,경상사고,0,0,1,0,차대사람 - 횡단중,보행자보호의무위반,포장 - 건조,맑음,단일로 - 기타,승용,남,55세,상해없음,보행자,남,26세,경상
4111,2019101300100060,2019년 10월 13일 03시,일요일,경상북도 포항시 남구 효자동,중상사고,0,1,0,0,차대사람 - 차도통행중,안전운전불이행,포장 - 건조,맑음,단일로 - 기타,승용,남,30세,상해없음,보행자,남,41세,중상
4112,2019101300100267,2019년 10월 13일 14시,일요일,경상북도 칠곡군 석적읍,중상사고,0,1,0,0,차대사람 - 기타,안전운전불이행,포장 - 건조,맑음,단일로 - 기타,승용,남,53세,상해없음,보행자,남,20세,중상
4113,2019101300100370,2019년 10월 13일 17시,일요일,경상북도 청도군 화양읍,경상사고,0,0,1,0,차대사람 - 차도통행중,안전운전불이행,포장 - 건조,맑음,기타 - 기타,승용,남,60세,상해없음,보행자,남,40세,경상
4114,2019101300100441,2019년 10월 13일 19시,일요일,경상북도 포항시 북구 두호동,경상사고,0,0,1,0,차대사람 - 기타,안전운전불이행,포장 - 건조,맑음,단일로 - 기타,자전거,여,43세,상해없음,보행자,여,66세,경상
4115,2019101300100442,2019년 10월 13일 19시,일요일,경상북도 칠곡군 동명면,중상사고,0,4,1,0,차대사람 - 길가장자리구역통행중,안전운전불이행,포장 - 건조,맑음,단일로 - 기타,화물,남,69세,경상,보행자,남,47세,중상
4116,2019101400100254,2019년 10월 14일 11시,월요일,경상북도 의성군 의성읍,중상사고,0,1,0,0,차대사람 - 길가장자리구역통행중,안전운전불이행,포장 - 건조,맑음,교차로 - 교차로안,화물,남,80세,상해없음,보행자,여,80세,중상
4117,2019101400100299,2019년 10월 14일 12시,월요일,경상북도 예천군 호명면,경상사고,0,0,1,0,차대사람 - 기타,안전운전불이행,포장 - 건조,맑음,단일로 - 기타,승합,남,44세,상해없음,보행자,여,75세,경상
4118,2019101400100338,2019년 10월 14일 13시,월요일,경상북도 포항시 북구 득량동,경상사고,0,0,1,0,차대사람 - 횡단중,안전운전불이행,포장 - 건조,맑음,교차로 - 교차로횡단보도내,승용,여,34세,상해없음,보행자,남,75세,경상
4119,2019101400100339,2019년 10월 14일 13시,월요일,경상북도 포항시 북구 양덕동,경상사고,0,0,1,0,차대사람 - 보도통행중,기타,포장 - 건조,맑음,단일로 - 기타,승용,여,30세,상해없음,보행자,여,10세,경상
4120,2019101400100415,2019년 10월 14일 15시,월요일,경상북도 김천시 용두동,중상사고,0,1,0,0,차대사람 - 횡단중,보행자보호의무위반,포장 - 건조,맑음,교차로 - 교차로횡단보도내,화물,여,59세,상해없음,보행자,남,45세,중상
4121,2019101400100719,2019년 10월 14일 21시,월요일,경상북도 경주시 현곡면,중상사고,0,1,1,0,차대사람 - 횡단중,신호위반,포장 - 건조,맑음,교차로 - 교차로안,승용,여,47세,상해없음,보행자,남,31세,경상
4122,2019101400100740,2019년 10월 14일 22시,월요일,경상북도 포항시 북구 장성동,경상사고,0,0,1,0,차대사람 - 차도통행중,중앙선침범,포장 - 건조,맑음,단일로 - 기타,승용,여,37세,상해없음,보행자,남,60세,경상
4123,2019101500100144,2019년 10월 15일 08시,화요일,경상북도 포항시 북구 죽도동,경상사고,0,0,1,0,차대사람 - 보도통행중,보행자보호의무위반,포장 - 젖음/습기,흐림,교차로 - 교차로횡단보도내,승용,남,74세,상해없음,보행자,여,11세,경상
4124,2019101500100195,2019년 10월 15일 09시,화요일,경상북도 영천시 문내동,경상사고,0,0,1,0,차대사람 - 길가장자리구역통행중,안전운전불이행,포장 - 건조,맑음,기타 - 기타,승용,여,56세,상해없음,보행자,여,77세,경상
4125,2019101500100323,2019년 10월 15일 12시,화요일,경상북도 포항시 북구 죽도동,중상사고,0,1,0,0,차대사람 - 차도통행중,신호위반,포장 - 건조,맑음,교차로 - 교차로안,승용,여,64세,상해없음,보행자,여,60세,중상
4126,2019101500100325,2019년 10월 15일 12시,화요일,경상북도 경산시 정평동,경상사고,0,0,1,0,차대사람 - 기타,안전운전불이행,포장 - 건조,맑음,주차장 - 주차장,승용,여,54세,기타불명,보행자,남,20세,경상
4127,2019101500100366,2019년 10월 15일 13시,화요일,경상북도 칠곡군 북삼읍,경상사고,0,0,1,0,차대사람 - 기타,안전운전불이행,포장 - 건조,맑음,단일로 - 기타,승용,여,50세,상해없음,보행자,여,58세,경상
4128,2019101500100443,2019년 10월 15일 15시,화요일,경상북도 영주시 가흥동,중상사고,0,1,0,0,차대사람 - 횡단중,신호위반,포장 - 건조,맑음,교차로 - 교차로횡단보도내,승용,남,49세,상해없음,보행자,남,83세,중상
4129,2019101500100595,2019년 10월 15일 18시,화요일,경상북도 안동시 용상동,경상사고,0,0,1,0,차대사람 - 횡단중,보행자보호의무위반,포장 - 건조,맑음,교차로 - 교차로안,화물,남,53세,상해없음,보행자,남,59세,경상
4130,2019101500100641,2019년 10월 15일 19시,화요일,경상북도 칠곡군 왜관읍,경상사고,0,0,1,0,차대사람 - 횡단중,안전운전불이행,포장 - 건조,맑음,단일로 - 기타,승용,남,39세,상해없음,보행자,남,4세,경상
4131,2019101500100685,2019년 10월 15일 20시,화요일,경상북도 포항시 북구 죽도동,중상사고,0,1,0,0,차대사람 - 기타,안전운전불이행,포장 - 건조,맑음,단일로 - 기타,승용,남,51세,상해없음,보행자,여,53세,중상
4132,2019101600100079,2019년 10월 16일 05시,수요일,경상북도 경산시 압량면,경상사고,0,0,1,0,차대사람 - 횡단중,안전운전불이행,포장 - 건조,맑음,교차로 - 교차로부근,승용,남,68세,상해없음,보행자,남,76세,경상
4133,2019101600100112,2019년 10월 16일 07시,수요일,경상북도 영천시 언하동,중상사고,0,1,0,0,차대사람 - 기타,안전운전불이행,포장 - 건조,맑음,교차로 - 교차로안,승용,여,58세,상해없음,보행자,남,41세,중상
4134,2019101600100322,2019년 10월 16일 12시,수요일,경상북도 예천군 감천면,중상사고,0,1,0,0,차대사람 - 기타,안전운전불이행,포장 - 건조,맑음,단일로 - 기타,승용,남,85세,상해없음,보행자,여,66세,중상
4135,2019101600100441,2019년 10월 16일 15시,수요일,경상북도 경주시 노서동,경상사고,0,0,1,0,차대사람 - 횡단중,안전운전불이행,포장 - 건조,맑음,단일로 - 기타,승용,남,40세,상해없음,보행자,여,48세,경상
4136,2019101600100442,2019년 10월 16일 15시,수요일,경상북도 포항시 북구 죽도동,경상사고,0,0,1,0,차대사람 - 길가장자리구역통행중,안전운전불이행,포장 - 건조,맑음,단일로 - 기타,승용,여,63세,상해없음,보행자,남,64세,경상
4137,2019101600100530,2019년 10월 16일 17시,수요일,경상북도 안동시 태화동,경상사고,0,0,1,0,차대사람 - 기타,안전운전불이행,포장 - 건조,맑음,교차로 - 교차로안,화물,남,61세,상해없음,보행자,남,63세,경상
4138,2019101600100583,2019년 10월 16일 18시,수요일,경상북도 경주시 산내면,중상사고,0,1,0,0,차대사람 - 길가장자리구역통행중,안전운전불이행,포장 - 건조,맑음,단일로 - 기타,승용,남,73세,상해없음,보행자,여,85세,중상
4139,2019101600100584,2019년 10월 16일 18시,수요일,경상북도 경주시 석장동,경상사고,0,0,1,0,차대사람 - 횡단중,보행자보호의무위반,포장 - 건조,맑음,교차로 - 교차로횡단보도내,승용,남,71세,상해없음,보행자,여,20세,경상
4140,2019101600100629,2019년 10월 16일 19시,수요일,경상북도 경주시 건천읍,중상사고,0,1,0,0,차대사람 - 길가장자리구역통행중,안전운전불이행,포장 - 건조,맑음,단일로 - 지하차도(도로)내,화물,남,70세,상해없음,보행자,여,84세,중상
4141,2019101600100699,2019년 10월 16일 21시,수요일,경상북도 포항시 남구 오천읍,중상사고,0,1,0,0,차대사람 - 횡단중,안전운전불이행,포장 - 건조,맑음,단일로 - 기타,승용,여,47세,상해없음,보행자,남,49세,중상
4142,2019101600100725,2019년 10월 16일 22시,수요일,경상북도 경산시 조영동,경상사고,0,0,1,0,차대사람 - 길가장자리구역통행중,안전운전불이행,포장 - 건조,맑음,교차로 - 교차로안,승용,여,37세,상해없음,보행자,남,50세,경상
4143,2019101700100087,2019년 10월 17일 06시,목요일,경상북도 상주시 함창읍,경상사고,0,0,1,0,차대사람 - 기타,안전운전불이행,비포장 - 젖음/습기,안개,단일로 - 기타,승용,여,48세,상해없음,보행자,여,84세,경상
4144,2019101700100186,2019년 10월 17일 09시,목요일,경상북도 경주시 성건동,부상신고사고,0,0,0,1,차대사람 - 길가장자리구역통행중,안전운전불이행,포장 - 건조,맑음,교차로 - 교차로부근,승용,남,44세,상해없음,보행자,남,82세,부상신고
4145,2019101700100189,2019년 10월 17일 09시,목요일,경상북도 포항시 북구 죽도동,부상신고사고,0,0,0,1,차대사람 - 기타,안전운전불이행,포장 - 건조,맑음,단일로 - 기타,승용,남,61세,상해없음,보행자,남,75세,부상신고
4146,2019101700100230,2019년 10월 17일 10시,목요일,경상북도 청송군 현동면,중상사고,0,1,0,0,차대사람 - 기타,안전운전불이행,포장 - 건조,맑음,단일로 - 기타,화물,남,44세,상해없음,보행자,여,90세 이상,중상
4147,2019101700100435,2019년 10월 17일 16시,목요일,경상북도 김천시 부곡동,경상사고,0,0,1,0,차대사람 - 기타,안전운전불이행,포장 - 건조,맑음,교차로 - 교차로안,승용,남,52세,상해없음,보행자,여,65세,경상
4148,2019101700100543,2019년 10월 17일 18시,목요일,경상북도 구미시 원평동,경상사고,0,0,1,0,차대사람 - 기타,안전운전불이행,포장 - 건조,맑음,단일로 - 기타,승용,남,62세,상해없음,보행자,남,20세,경상
4149,2019101700100596,2019년 10월 17일 19시,목요일,경상북도 영주시 가흥동,중상사고,0,1,0,0,차대사람 - 차도통행중,안전운전불이행,포장 - 건조,맑음,단일로 - 기타,승용,남,78세,상해없음,보행자,남,47세,중상
4150,2019101700100630,2019년 10월 17일 20시,목요일,경상북도 영천시 금호읍,사망사고,1,0,0,0,차대사람 - 차도통행중,안전운전불이행,포장 - 건조,맑음,단일로 - 기타,승용,남,53세,상해없음,보행자,남,78세,사망
4151,2019101800100263,2019년 10월 18일 10시,금요일,경상북도 칠곡군 왜관읍,중상사고,0,1,0,0,차대사람 - 기타,안전운전불이행,포장 - 건조,맑음,단일로 - 기타,승용,여,50세,상해없음,보행자,여,71세,중상
4152,2019101800100327,2019년 10월 18일 12시,금요일,경상북도 구미시 원평동,경상사고,0,0,1,0,차대사람 - 기타,안전운전불이행,포장 - 건조,맑음,단일로 - 기타,승용,여,42세,상해없음,보행자,남,23세,경상
4153,2019101800100532,2019년 10월 18일 17시,금요일,경상북도 포항시 남구 연일읍,경상사고,0,0,1,0,차대사람 - 길가장자리구역통행중,중앙선침범,포장 - 젖음/습기,비,단일로 - 기타,승용,남,60세,상해없음,보행자,남,64세,경상
4154,2019101800100621,2019년 10월 18일 18시,금요일,경상북도 포항시 북구 학잠동,경상사고,0,0,1,0,차대사람 - 기타,보행자보호의무위반,포장 - 젖음/습기,비,교차로 - 교차로횡단보도내,승용,여,36세,기타불명,보행자,여,19세,경상
4155,2019101800100625,2019년 10월 18일 18시,금요일,경상북도 구미시 고아읍,중상사고,0,1,0,0,차대사람 - 기타,안전운전불이행,포장 - 젖음/습기,비,교차로 - 교차로안,승용,여,54세,상해없음,보행자,남,56세,중상
4156,2019101800100626,2019년 10월 18일 18시,금요일,경상북도 포항시 남구 상도동,경상사고,0,0,1,0,차대사람 - 차도통행중,안전운전불이행,포장 - 젖음/습기,비,단일로 - 기타,이륜,남,52세,상해없음,보행자,여,48세,경상
4157,2019101800100745,2019년 10월 18일 20시,금요일,경상북도 김천시 남산동,경상사고,0,0,1,0,차대사람 - 횡단중,보행자보호의무위반,포장 - 젖음/습기,비,교차로 - 교차로횡단보도내,승용,남,52세,상해없음,보행자,남,63세,경상
4158,2019101900100558,2019년 10월 19일 18시,토요일,경상북도 경주시 황성동,중상사고,0,1,0,0,차대사람 - 횡단중,안전운전불이행,포장 - 건조,맑음,교차로 - 교차로부근,승용,여,48세,상해없음,보행자,남,90세 이상,중상
4159,2019102000100522,2019년 10월 20일 21시,일요일,경상북도 경주시 감포읍,중상사고,0,1,0,0,차대사람 - 보도통행중,안전운전불이행,포장 - 건조,맑음,단일로 - 기타,승용,남,35세,상해없음,보행자,여,54세,중상
4160,2019102100100036,2019년 10월 21일 02시,월요일,경상북도 경산시 조영동,경상사고,0,0,1,0,차대사람 - 길가장자리구역통행중,안전운전불이행,포장 - 건조,맑음,단일로 - 기타,승용,남,26세,기타불명,보행자,남,29세,경상
4161,2019102100100235,2019년 10월 21일 10시,월요일,경상북도 포항시 북구 죽도동,경상사고,0,0,1,0,차대사람 - 횡단중,보행자보호의무위반,포장 - 건조,맑음,교차로 - 교차로횡단보도내,승용,남,68세,상해없음,보행자,여,61세,경상
4162,2019102100100237,2019년 10월 21일 10시,월요일,경상북도 문경시 흥덕동,경상사고,0,0,1,0,차대사람 - 보도통행중,안전운전불이행,포장 - 건조,맑음,교차로 - 교차로부근,승용,남,78세,상해없음,보행자,여,53세,경상
4163,2019102100100269,2019년 10월 21일 11시,월요일,경상북도 안동시 도산면,중상사고,0,1,0,1,차대사람 - 기타,중앙선침범,포장 - 건조,맑음,단일로 - 기타,승용,남,77세,부상신고,보행자,남,58세,중상
4164,2019102100100272,2019년 10월 21일 11시,월요일,경상북도 군위군 소보면,중상사고,0,1,0,0,차대사람 - 기타,안전운전불이행,포장 - 건조,맑음,단일로 - 기타,승용,남,74세,상해없음,보행자,여,80세,중상
4165,2019102100100274,2019년 10월 21일 11시,월요일,경상북도 상주시 낙동면,사망사고,3,0,0,0,차대사람 - 기타,안전운전불이행,포장 - 건조,맑음,단일로 - 기타,화물,남,36세,상해없음,보행자,남,72세,사망
4166,2019102100100444,2019년 10월 21일 15시,월요일,경상북도 경산시 하양읍,중상사고,0,1,0,0,차대사람 - 횡단중,보행자보호의무위반,포장 - 건조,맑음,단일로 - 기타,원동기,남,41세,상해없음,보행자,여,68세,중상
4167,2019102100100489,2019년 10월 21일 16시,월요일,경상북도 영주시 휴천동,중상사고,0,1,0,0,차대사람 - 횡단중,보행자보호의무위반,포장 - 건조,맑음,교차로 - 교차로횡단보도내,승용,남,36세,상해없음,보행자,여,69세,중상
4168,2019102100100535,2019년 10월 21일 17시,월요일,경상북도 영주시 하망동,중상사고,0,1,0,0,차대사람 - 기타,안전운전불이행,포장 - 건조,맑음,교차로 - 교차로부근,승용,여,67세,상해없음,보행자,남,58세,중상