,사고번호,사고일시,요일,시군구,사고내용,사망자수,중상자수,경상자수,부상신고자수,사고유형,법규위반,노면상태,기상상태,도로형태,가해운전자 차종,가해운전자 성별,가해운전자 연령,가해운전자 상해정도,피해운전자 차종,피해운전자 성별,피해운전자 연령,피해운전자 상해정도
4495,2019112800100712,2019년 11월 28일 23시,목요일,경상북도 포항시 남구 호미곶면,중상사고,0,1,0,0,차대사람 - 길가장자리구역통행중,안전운전불이행,포장 - 젖음/습기,비,단일로 - 기타,승용,남,47세,상해없음,보행자,남,48세,중상
4496,2019112900100040,2019년 11월 29일 01시,금요일,경상북도 구미시 진평동,경상사고,0,0,1,0,차대사람 - 기타,안전운전불이행,포장 - 건조,맑음,교차로 - 교차로안,승용,남,21세,상해없음,보행자,남,37세,경상
4497,2019112900100171,2019년 11월 29일 08시,금요일,경상북도 경산시 사동,중상사고,0,1,0,0,차대사람 - 횡단중,안전운전불이행,포장 - 건조,맑음,교차로 - 교차로안,승용,남,58세,상해없음,보행자,여,55세,중상
4498,2019112900100245,2019년 11월 29일 10시,금요일,경상북도 포항시 북구 죽도동,중상사고,0,1,0,0,차대사람 - 횡단중,보행자보호의무위반,포장 - 건조,맑음,단일로 - 기타,승용,남,82세,상해없음,보행자,여,85세,중상
4499,2019112900100284,2019년 11월 29일 11시,금요일,경상북도 안동시 서부동,중상사고,0,1,0,0,차대사람 - 횡단중,안전운전불이행,포장 - 건조,맑음,교차로 - 교차로부근,승용,여,62세,상해없음,보행자,여,48세,중상
4500,2019112900100315,2019년 11월 29일 12시,금요일,경상북도 경주시 성동동,중상사고,0,1,0,0,차대사람 - 횡단중,안전운전불이행,포장 - 건조,맑음,단일로 - 기타,승용,여,61세,상해없음,보행자,여,77세,중상
4501,2019112900100503,2019년 11월 29일 16시,금요일,경상북도 포항시 북구 죽도동,경상사고,0,0,1,0,차대사람 - 기타,안전운전불이행,포장 - 건조,맑음,단일로 - 기타,승용,여,50세,상해없음,보행자,남,5세,경상
4502,2019112900100687,2019년 11월 29일 19시,금요일,경상북도 포항시 북구 죽도동,중상사고,0,1,0,0,차대사람 - 보도통행중,보행자보호의무위반,포장 - 건조,맑음,단일로 - 기타,승용,남,54세,상해없음,보행자,여,66세,중상
4503,2019112900100826,2019년 11월 29일 23시,금요일,경상북도 영양군 수비면,중상사고,0,1,0,0,차대사람 - 길가장자리구역통행중,안전운전불이행,포장 - 건조,맑음,단일로 - 기타,화물,남,70세,상해없음,보행자,남,53세,중상
4504,2019113000100264,2019년 11월 30일 11시,토요일,경상북도 경산시 중방동,경상사고,0,0,1,0,차대사람 - 길가장자리구역통행중,안전운전불이행,포장 - 건조,맑음,단일로 - 기타,자전거,남,79세,상해없음,보행자,여,56세,경상
4505,2019113000100306,2019년 11월 30일 12시,토요일,경상북도 예천군 지보면,중상사고,0,1,0,0,차대사람 - 차도통행중,안전운전불이행,포장 - 건조,맑음,단일로 - 기타,승용,남,56세,상해없음,보행자,여,68세,중상
4506,2019113000100346,2019년 11월 30일 13시,토요일,경상북도 영덕군 영해면,경상사고,0,0,1,0,차대사람 - 길가장자리구역통행중,안전운전불이행,포장 - 건조,맑음,기타 - 기타,화물,남,66세,기타불명,보행자,남,53세,경상
4507,2019113000100347,2019년 11월 30일 13시,토요일,경상북도 포항시 남구 해도동,경상사고,0,0,1,0,차대사람 - 기타,안전운전불이행,포장 - 건조,맑음,교차로 - 교차로안,화물,남,45세,상해없음,보행자,여,65세,경상
4508,2019113000100381,2019년 11월 30일 14시,토요일,경상북도 상주시 냉림동,경상사고,0,0,1,0,차대사람 - 횡단중,보행자보호의무위반,포장 - 건조,맑음,교차로 - 교차로횡단보도내,승용,남,35세,상해없음,보행자,여,7세,경상
4509,2019113000100460,2019년 11월 30일 16시,토요일,경상북도 구미시 원평동,경상사고,0,0,1,0,차대사람 - 보도통행중,안전운전불이행,포장 - 건조,맑음,단일로 - 기타,승용,여,69세,상해없음,보행자,여,69세,경상
4510,2019113000100672,2019년 11월 30일 21시,토요일,경상북도 예천군 유천면,중상사고,0,2,0,0,차대사람 - 차도통행중,안전운전불이행,포장 - 건조,맑음,단일로 - 기타,화물,남,32세,상해없음,보행자,여,63세,중상
4511,2019113000100696,2019년 11월 30일 22시,토요일,경상북도 구미시 원평동,사망사고,1,0,0,0,차대사람 - 횡단중,안전운전불이행,포장 - 건조,맑음,단일로 - 기타,승용,여,47세,상해없음,보행자,여,59세,사망
4512,2019120100100086,2019년 12월 1일 03시,일요일,경상북도 안동시 옥동,경상사고,0,0,1,0,차대사람 - 기타,안전운전불이행,포장 - 건조,맑음,교차로 - 교차로부근,승용,기타불명,미분류,기타불명,보행자,남,18세,경상
4513,2019120100100194,2019년 12월 1일 11시,일요일,경상북도 상주시 함창읍,중상사고,0,1,0,0,차대사람 - 기타,안전운전불이행,포장 - 건조,맑음,기타 - 기타,화물,남,65세,상해없음,보행자,여,84세,중상
4514,2019120100100445,2019년 12월 1일 18시,일요일,경상북도 김천시 부곡동,부상신고사고,0,0,0,1,차대사람 - 횡단중,보행자보호의무위반,포장 - 건조,맑음,교차로 - 교차로안,화물,남,56세,상해없음,보행자,여,19세,부상신고
4515,2019120100100447,2019년 12월 1일 18시,일요일,경상북도 영천시 신령면,경상사고,0,0,1,0,차대사람 - 기타,안전운전불이행,포장 - 젖음/습기,비,교차로 - 교차로안,승용,여,42세,상해없음,보행자,남,59세,경상
4516,2019120200100037,2019년 12월 2일 00시,월요일,경상북도 포항시 남구 상도동,경상사고,0,0,1,0,차대사람 - 횡단중,신호위반,포장 - 젖음/습기,비,단일로 - 기타,이륜,남,18세,상해없음,보행자,남,39세,경상
4517,2019120200100256,2019년 12월 2일 12시,월요일,경상북도 경주시 황성동,경상사고,0,0,1,0,차대사람 - 횡단중,보행자보호의무위반,포장 - 건조,맑음,교차로 - 교차로횡단보도내,화물,남,27세,상해없음,보행자,남,83세,경상
4518,2019120200100389,2019년 12월 2일 16시,월요일,경상북도 김천시 부곡동,경상사고,0,0,1,0,차대사람 - 차도통행중,안전운전불이행,포장 - 건조,맑음,단일로 - 기타,승용,여,39세,상해없음,보행자,여,5세,경상
4519,2019120300100184,2019년 12월 3일 09시,화요일,경상북도 군위군 산성면,경상사고,0,0,1,0,차대사람 - 기타,안전운전불이행,포장 - 건조,맑음,기타 - 기타,승합,남,66세,상해없음,보행자,여,71세,경상
4520,2019120300100462,2019년 12월 3일 17시,화요일,경상북도 포항시 북구 죽도동,경상사고,0,0,1,0,차대사람 - 기타,신호위반,포장 - 건조,맑음,단일로 - 기타,승용,여,60세,상해없음,보행자,남,22세,경상
4521,2019120300100463,2019년 12월 3일 17시,화요일,경상북도 구미시 송정동,중상사고,0,1,0,0,차대사람 - 횡단중,안전운전불이행,포장 - 건조,맑음,교차로 - 교차로부근,승용,여,44세,상해없음,보행자,남,13세,중상
4522,2019120400100173,2019년 12월 4일 07시,수요일,경상북도 영주시 풍기읍,중상사고,0,1,0,0,차대사람 - 길가장자리구역통행중,안전운전불이행,포장 - 건조,맑음,단일로 - 기타,승용,여,35세,상해없음,보행자,여,64세,중상
4523,2019120400100297,2019년 12월 4일 10시,수요일,경상북도 포항시 북구 대신동,중상사고,0,1,0,0,차대사람 - 횡단중,보행자보호의무위반,포장 - 건조,맑음,교차로 - 교차로횡단보도내,승용,여,50세,상해없음,보행자,여,42세,중상
4524,2019120400100495,2019년 12월 4일 16시,수요일,경상북도 군위군 효령면,경상사고,0,0,1,0,차대사람 - 기타,안전운전불이행,포장 - 건조,맑음,기타 - 기타,승용,남,40세,상해없음,보행자,여,62세,경상
4525,2019120400100496,2019년 12월 4일 16시,수요일,경상북도 구미시 선산읍,중상사고,0,1,0,0,차대사람 - 보도통행중,안전운전불이행,포장 - 건조,맑음,교차로 - 교차로부근,사륜오토바이(ATV),남,75세,상해없음,보행자,남,32세,중상
4526,2019120400100539,2019년 12월 4일 17시,수요일,경상북도 김천시 성내동,사망사고,1,0,0,0,차대사람 - 횡단중,안전운전불이행,포장 - 건조,맑음,교차로 - 교차로안,승용,남,80세,상해없음,보행자,남,85세,사망
4527,2019120400100595,2019년 12월 4일 18시,수요일,경상북도 경산시 사동,경상사고,0,0,1,0,차대사람 - 기타,안전운전불이행,포장 - 건조,맑음,단일로 - 기타,화물,남,58세,상해없음,보행자,남,34세,경상
4528,2019120500100093,2019년 12월 5일 06시,목요일,경상북도 영주시 하망동,중상사고,0,1,0,0,차대사람 - 기타,안전운전불이행,포장 - 건조,맑음,교차로 - 교차로안,승용,남,58세,상해없음,보행자,남,80세,중상
4529,2019120500100194,2019년 12월 5일 09시,목요일,경상북도 문경시 모전동,중상사고,0,1,0,0,차대사람 - 횡단중,보행자보호의무위반,포장 - 건조,맑음,교차로 - 교차로안,화물,여,62세,상해없음,보행자,여,80세,중상
4530,2019120500100249,2019년 12월 5일 11시,목요일,경상북도 경주시 안강읍,경상사고,0,0,1,0,차대사람 - 차도통행중,안전운전불이행,포장 - 건조,맑음,교차로 - 교차로부근,화물,남,55세,상해없음,보행자,여,85세,경상
4531,2019120500100313,2019년 12월 5일 13시,목요일,경상북도 포항시 북구 죽도동,중상사고,0,1,0,0,차대사람 - 횡단중,신호위반,포장 - 건조,맑음,교차로 - 교차로안,승용,여,28세,상해없음,보행자,여,70세,중상
4532,2019120500100315,2019년 12월 5일 13시,목요일,경상북도 영천시 망정동,경상사고,0,0,1,0,차대사람 - 기타,기타,포장 - 건조,맑음,주차장 - 주차장,화물,남,80세,상해없음,보행자,남,19세,경상
4533,2019120500100316,2019년 12월 5일 13시,목요일,경상북도 경산시 중방동,중상사고,0,1,0,0,차대사람 - 횡단중,신호위반,포장 - 건조,맑음,단일로 - 기타,승용,여,56세,상해없음,보행자,여,50세,중상
4534,2019120500100388,2019년 12월 5일 15시,목요일,경상북도 경산시 하양읍,부상신고사고,0,0,0,1,차대사람 - 차도통행중,안전운전불이행,포장 - 건조,맑음,교차로 - 교차로부근,승용,남,29세,상해없음,보행자,남,27세,부상신고
4535,2019120500100389,2019년 12월 5일 15시,목요일,경상북도 봉화군 봉화읍,경상사고,0,0,1,0,차대사람 - 횡단중,보행자보호의무위반,포장 - 건조,맑음,교차로 - 교차로횡단보도내,원동기,남,32세,상해없음,보행자,여,13세,경상
4536,2019120500100479,2019년 12월 5일 17시,목요일,경상북도 안동시 안기동,중상사고,0,1,0,0,차대사람 - 횡단중,안전운전불이행,포장 - 건조,맑음,단일로 - 기타,승용,남,58세,상해없음,보행자,여,82세,중상
4537,2019120500100480,2019년 12월 5일 17시,목요일,경상북도 김천시 지좌동,경상사고,0,0,1,0,차대사람 - 횡단중,보행자보호의무위반,포장 - 건조,맑음,교차로 - 교차로횡단보도내,화물,남,35세,상해없음,보행자,여,15세,경상
4538,2019120500100577,2019년 12월 5일 19시,목요일,경상북도 김천시 신음동,중상사고,0,1,0,0,차대사람 - 횡단중,보행자보호의무위반,포장 - 건조,맑음,단일로 - 기타,승용,남,25세,상해없음,보행자,남,77세,중상
4539,2019120500100677,2019년 12월 5일 23시,목요일,경상북도 포항시 북구 장성동,중상사고,0,1,0,0,차대사람 - 횡단중,안전운전불이행,포장 - 건조,맑음,단일로 - 기타,이륜,남,20세,상해없음,보행자,남,36세,중상
4540,2019120600100088,2019년 12월 6일 06시,금요일,경상북도 경주시 서악동,경상사고,0,0,1,0,차대사람 - 차도통행중,안전운전불이행,포장 - 건조,맑음,단일로 - 기타,승용,여,58세,상해없음,보행자,남,79세,경상
4541,2019120600100301,2019년 12월 6일 12시,금요일,경상북도 경산시 하양읍,경상사고,0,0,1,0,차대사람 - 기타,안전운전불이행,포장 - 건조,맑음,교차로 - 교차로부근,승용,남,52세,기타불명,보행자,여,22세,경상
4542,2019120600100329,2019년 12월 6일 13시,금요일,경상북도 김천시 신음동,경상사고,0,0,1,0,차대사람 - 기타,안전운전불이행,포장 - 건조,맑음,기타 - 기타,화물,남,54세,상해없음,보행자,남,34세,경상
4543,2019120600100364,2019년 12월 6일 14시,금요일,경상북도 안동시 용상동,중상사고,0,1,0,0,차대사람 - 보도통행중,보행자보호의무위반,포장 - 건조,맑음,단일로 - 기타,승용,여,58세,상해없음,보행자,남,7세,중상
4544,2019120600100433,2019년 12월 6일 16시,금요일,경상북도 안동시 옥동,부상신고사고,0,0,0,1,차대사람 - 길가장자리구역통행중,안전운전불이행,포장 - 건조,맑음,단일로 - 기타,승용,남,66세,상해없음,보행자,여,52세,부상신고
4545,2019120600100435,2019년 12월 6일 16시,금요일,경상북도 경산시 하양읍,중상사고,0,1,0,0,차대사람 - 횡단중,신호위반,포장 - 건조,맑음,단일로 - 기타,승용,남,50세,상해없음,보행자,여,73세,중상
4546,2019120600100479,2019년 12월 6일 17시,금요일,경상북도 포항시 북구 용흥동,경상사고,0,0,1,0,차대사람 - 횡단중,안전운전불이행,포장 - 건조,흐림,단일로 - 기타,승용,남,76세,상해없음,보행자,남,66세,경상
4547,2019120600100691,2019년 12월 6일 21시,금요일,경상북도 칠곡군 왜관읍,중상사고,0,2,0,0,차대사람 - 횡단중,보행자보호의무위반,포장 - 건조,맑음,교차로 - 교차로횡단보도내,승용,여,29세,상해없음,보행자,남,43세,중상
4548,2019120700100160,2019년 12월 7일 09시,토요일,경상북도 경산시 옥산동,중상사고,0,1,0,0,차대사람 - 기타,안전운전불이행,포장 - 건조,맑음,교차로 - 교차로안,화물,남,60세,상해없음,보행자,남,68세,중상
4549,2019120700100190,2019년 12월 7일 10시,토요일,경상북도 울진군 평해읍,중상사고,0,1,0,0,차대사람 - 차도통행중,안전운전불이행,포장 - 건조,맑음,단일로 - 기타,기타불명,기타불명,미분류,기타불명,보행자,여,69세,중상
4550,2019120700100191,2019년 12월 7일 10시,토요일,경상북도 구미시 원평동,경상사고,0,0,1,0,차대사람 - 기타,안전운전불이행,포장 - 건조,맑음,단일로 - 기타,승합,남,59세,상해없음,보행자,여,67세,경상
4551,2019120700100298,2019년 12월 7일 13시,토요일,경상북도 경주시 노서동,경상사고,0,0,1,0,차대사람 - 길가장자리구역통행중,안전운전불이행,포장 - 건조,맑음,단일로 - 기타,승용,여,50세,상해없음,보행자,남,48세,경상
4552,2019120700100408,2019년 12월 7일 16시,토요일,경상북도 의성군 의성읍,중상사고,0,1,0,0,차대사람 - 차도통행중,안전운전불이행,포장 - 건조,맑음,교차로 - 교차로안,승용,남,57세,상해없음,보행자,여,73세,중상
4553,2019120700100448,2019년 12월 7일 17시,토요일,경상북도 영천시 문외동,경상사고,0,0,1,0,차대사람 - 횡단중,보행자보호의무위반,포장 - 건조,맑음,단일로 - 기타,이륜,남,17세,상해없음,보행자,여,13세,경상
4554,2019120700100496,2019년 12월 7일 18시,토요일,경상북도 포항시 북구 두호동,중상사고,0,2,0,0,차대사람 - 기타,안전운전불이행,포장 - 건조,맑음,단일로 - 기타,자전거,남,75세,중상,보행자,여,64세,중상
4555,2019120700100552,2019년 12월 7일 19시,토요일,경상북도 의성군 안계면,중상사고,0,1,0,0,차대사람 - 횡단중,안전운전불이행,포장 - 건조,기타,단일로 - 기타,승용,여,52세,상해없음,보행자,여,81세,중상
4556,2019120800100195,2019년 12월 8일 10시,일요일,경상북도 구미시 형곡동,경상사고,0,0,1,0,차대사람 - 기타,안전운전불이행,포장 - 건조,맑음,교차로 - 교차로부근,승용,여,53세,상해없음,보행자,여,60세,경상
4557,2019120800100288,2019년 12월 8일 14시,일요일,경상북도 경주시 용강동,부상신고사고,0,0,0,1,차대사람 - 기타,안전운전불이행,포장 - 건조,맑음,교차로 - 교차로부근,승합,남,38세,상해없음,보행자,여,69세,부상신고
4558,2019120800100289,2019년 12월 8일 14시,일요일,경상북도 포항시 북구 동빈1가,중상사고,0,1,0,0,차대사람 - 기타,안전운전불이행,포장 - 건조,맑음,단일로 - 기타,승용,여,37세,상해없음,보행자,남,10세,중상
4559,2019120800100511,2019년 12월 8일 22시,일요일,경상북도 구미시 진평동,중상사고,0,2,0,0,차대사람 - 차도통행중,교차로운행방법위반,포장 - 건조,맑음,단일로 - 기타,승용,남,18세,기타불명,보행자,여,24세,중상
4560,2019120900100055,2019년 12월 9일 03시,월요일,경상북도 경산시 대동,중상사고,0,1,0,0,차대사람 - 횡단중,신호위반,포장 - 건조,맑음,교차로 - 교차로안,승용,남,28세,상해없음,보행자,여,20세,중상
4561,2019120900100089,2019년 12월 9일 06시,월요일,경상북도 성주군 벽진면,중상사고,0,1,0,0,차대사람 - 횡단중,안전운전불이행,포장 - 건조,맑음,교차로 - 교차로안,화물,남,50세,상해없음,보행자,여,85세,중상
4562,2019120900100216,2019년 12월 9일 10시,월요일,경상북도 김천시 평화동,경상사고,0,0,1,0,차대사람 - 차도통행중,안전운전불이행,포장 - 건조,맑음,단일로 - 기타,승용,남,78세,상해없음,보행자,남,50세,경상
4563,2019120900100395,2019년 12월 9일 15시,월요일,경상북도 구미시 상모동,중상사고,0,1,0,0,차대사람 - 횡단중,보행자보호의무위반,포장 - 건조,맑음,단일로 - 기타,화물,남,59세,상해없음,보행자,남,10세,중상
4564,2019120900100554,2019년 12월 9일 19시,월요일,경상북도 경산시 조영동,중상사고,0,1,0,0,차대사람 - 횡단중,신호위반,포장 - 건조,맑음,교차로 - 교차로횡단보도내,이륜,남,43세,상해없음,보행자,남,23세,중상
4565,2019121000100468,2019년 12월 10일 17시,화요일,경상북도 포항시 북구 죽도동,중상사고,0,1,0,0,차대사람 - 기타,안전운전불이행,포장 - 건조,맑음,교차로 - 교차로안,승용,남,63세,상해없음,보행자,여,61세,중상
4566,2019121000100588,2019년 12월 10일 19시,화요일,경상북도 문경시 산양면,중상사고,0,1,0,0,차대사람 - 차도통행중,안전운전불이행,포장 - 건조,맑음,단일로 - 기타,승용,남,44세,상해없음,보행자,남,56세,중상
4567,2019121000100699,2019년 12월 10일 23시,화요일,경상북도 구미시 진평동,중상사고,0,1,0,0,차대사람 - 기타,안전운전불이행,포장 - 건조,맑음,단일로 - 기타,승용,남,37세,상해없음,보행자,남,35세,중상
4568,2019121100100154,2019년 12월 11일 08시,수요일,경상북도 영주시 휴천동,부상신고사고,0,0,0,1,차대사람 - 기타,안전운전불이행,포장 - 건조,맑음,단일로 - 기타,승용,여,48세,상해없음,보행자,여,18세,부상신고
4569,2019121100100275,2019년 12월 11일 12시,수요일,경상북도 구미시 송정동,경상사고,0,0,1,0,차대사람 - 기타,기타,포장 - 건조,맑음,기타 - 기타,승용,남,60세,기타불명,보행자,남,38세,경상
4570,2019121100100276,2019년 12월 11일 12시,수요일,경상북도 구미시 진평동,중상사고,0,1,0,0,차대사람 - 횡단중,신호위반,포장 - 건조,맑음,교차로 - 교차로횡단보도내,이륜,남,29세,상해없음,보행자,여,16세,중상
4571,2019121100100357,2019년 12월 11일 15시,수요일,경상북도 영양군 입암면,사망사고,1,0,0,0,차대사람 - 길가장자리구역통행중,안전운전불이행,포장 - 건조,맑음,단일로 - 기타,화물,남,76세,상해없음,보행자,여,85세,사망
4572,2019121100100497,2019년 12월 11일 18시,수요일,경상북도 포항시 북구 환호동,경상사고,0,0,1,0,차대사람 - 기타,안전운전불이행,포장 - 건조,맑음,교차로 - 교차로안,승용,여,40세,상해없음,보행자,여,51세,경상
4573,2019121100100548,2019년 12월 11일 19시,수요일,경상북도 안동시 예안면,중상사고,0,1,0,0,차대사람 - 차도통행중,안전운전불이행,포장 - 건조,맑음,단일로 - 기타,화물,남,37세,상해없음,보행자,남,55세,중상
4574,2019121200100066,2019년 12월 12일 03시,목요일,경상북도 경주시 성동동,경상사고,0,0,1,0,차대사람 - 기타,안전운전불이행,포장 - 건조,맑음,교차로 - 교차로안,승용,남,67세,상해없음,보행자,여,55세,경상
4575,2019121200100171,2019년 12월 12일 08시,목요일,경상북도 포항시 남구 효자동,중상사고,0,1,0,0,차대사람 - 기타,보행자보호의무위반,포장 - 건조,맑음,교차로 - 교차로횡단보도내,승용,남,45세,상해없음,보행자,여,18세,중상
4576,2019121200100207,2019년 12월 12일 09시,목요일,경상북도 포항시 북구 두호동,경상사고,0,0,1,0,차대사람 - 횡단중,보행자보호의무위반,포장 - 건조,맑음,교차로 - 교차로횡단보도내,승용,여,45세,상해없음,보행자,남,18세,경상
4577,2019121200100208,2019년 12월 12일 09시,목요일,경상북도 영천시 신령면,사망사고,1,0,0,0,차대사람 - 횡단중,안전운전불이행,포장 - 건조,맑음,단일로 - 기타,승합,남,52세,상해없음,보행자,여,81세,사망
4578,2019121200100306,2019년 12월 12일 12시,목요일,경상북도 안동시 용상동,경상사고,0,0,1,0,차대사람 - 횡단중,안전운전불이행,포장 - 건조,맑음,교차로 - 교차로안,화물,남,67세,상해없음,보행자,여,40세,경상
4579,2019121200100308,2019년 12월 12일 12시,목요일,경상북도 구미시 구평동,사망사고,1,0,0,0,차대사람 - 차도통행중,안전운전불이행,포장 - 건조,맑음,단일로 - 기타,특수,남,46세,상해없음,보행자,여,76세,사망
4580,2019121200100369,2019년 12월 12일 14시,목요일,경상북도 성주군 벽진면,중상사고,0,1,0,0,차대사람 - 기타,안전운전불이행,포장 - 건조,맑음,단일로 - 기타,승용,여,59세,상해없음,보행자,남,69세,중상
4581,2019121200100370,2019년 12월 12일 14시,목요일,경상북도 구미시 인의동,경상사고,0,0,1,0,차대사람 - 보도통행중,안전운전불이행,포장 - 건조,맑음,단일로 - 기타,승용,여,57세,상해없음,보행자,남,18세,경상
4582,2019121200100550,2019년 12월 12일 18시,목요일,경상북도 안동시 당북동,중상사고,0,1,1,0,차대사람 - 보도통행중,보행자보호의무위반,포장 - 건조,맑음,교차로 - 교차로안,승용,남,53세,상해없음,보행자,남,7세,중상
4583,2019121200100553,2019년 12월 12일 18시,목요일,경상북도 구미시 황상동,경상사고,0,0,1,0,차대사람 - 기타,안전운전불이행,포장 - 건조,맑음,단일로 - 기타,화물,남,54세,상해없음,보행자,남,36세,경상
4584,2019121200100608,2019년 12월 12일 19시,목요일,경상북도 김천시 모암동,중상사고,0,1,0,0,차대사람 - 길가장자리구역통행중,안전운전불이행,포장 - 건조,맑음,교차로 - 교차로안,승용,남,56세,상해없음,보행자,남,67세,중상
4585,2019121300100055,2019년 12월 13일 01시,금요일,경상북도 영주시 상줄동,경상사고,0,0,1,0,차대사람 - 기타,안전운전불이행,포장 - 건조,맑음,단일로 - 기타,화물,남,63세,상해없음,보행자,남,20세,경상
4586,2019121300100230,2019년 12월 13일 10시,금요일,경상북도 포항시 남구 해도동,중상사고,0,1,0,0,차대사람 - 횡단중,보행자보호의무위반,포장 - 건조,맑음,단일로 - 기타,승용,남,68세,상해없음,보행자,남,80세,중상
4587,2019121300100379,2019년 12월 13일 15시,금요일,경상북도 경주시 현곡면,중상사고,0,1,0,0,차대사람 - 차도통행중,안전운전불이행,포장 - 건조,맑음,교차로 - 교차로안,승용,여,46세,상해없음,보행자,여,84세,중상
4588,2019121300100381,2019년 12월 13일 15시,금요일,경상북도 경산시 진량읍,부상신고사고,0,0,0,1,차대사람 - 기타,안전운전불이행,포장 - 건조,맑음,단일로 - 기타,기타불명,기타불명,미분류,기타불명,보행자,남,49세,부상신고
4589,2019121300100383,2019년 12월 13일 15시,금요일,경상북도 영양군 영양읍,중상사고,0,1,0,0,차대사람 - 횡단중,안전운전불이행,비포장 - 기타,맑음,단일로 - 기타,건설기계,남,63세,상해없음,보행자,남,64세,중상
4590,2019121300100434,2019년 12월 13일 16시,금요일,경상북도 경주시 용강동,경상사고,0,0,2,0,차대사람 - 횡단중,안전운전불이행,포장 - 건조,맑음,단일로 - 기타,승용,여,61세,상해없음,보행자,여,37세,경상
4591,2019121300100563,2019년 12월 13일 18시,금요일,경상북도 포항시 북구 흥해읍,경상사고,0,0,1,0,차대사람 - 기타,안전운전불이행,포장 - 건조,맑음,단일로 - 기타,승합,남,55세,상해없음,보행자,여,64세,경상
4592,2019121300100565,2019년 12월 13일 18시,금요일,경상북도 고령군 대가야읍,중상사고,0,1,0,0,차대사람 - 보도통행중,안전운전불이행,포장 - 건조,맑음,단일로 - 기타,화물,남,39세,상해없음,보행자,여,78세,중상
4593,2019121300100743,2019년 12월 13일 22시,금요일,경상북도 구미시 인의동,중상사고,0,1,0,0,차대사람 - 횡단중,안전운전불이행,포장 - 건조,맑음,교차로 - 교차로부근,승용,여,21세,상해없음,보행자,여,27세,중상
4594,2019121400100180,2019년 12월 14일 07시,토요일,경상북도 김천시 지좌동,중상사고,0,1,0,0,차대사람 - 기타,안전운전불이행,포장 - 건조,맑음,교차로 - 교차로부근,승용,남,44세,상해없음,보행자,여,81세,중상
4595,2019121400100521,2019년 12월 14일 16시,토요일,경상북도 경산시 하양읍,중상사고,0,1,0,0,차대사람 - 차도통행중,안전운전불이행,포장 - 건조,맑음,교차로 - 교차로안,특수,남,52세,상해없음,보행자,여,81세,중상
4596,2019121400100575,2019년 12월 14일 17시,토요일,경상북도 영천시 청통면,중상사고,0,1,0,0,차대사람 - 횡단중,보행자보호의무위반,포장 - 건조,맑음,교차로 - 교차로부근,화물,남,71세,상해없음,보행자,남,71세,중상
4597,2019121400100630,2019년 12월 14일 18시,토요일,경상북도 의성군 의성읍,경상사고,0,0,1,0,차대사람 - 보도통행중,안전운전불이행,포장 - 건조,맑음,주차장 - 주차장,승합,여,55세,상해없음,보행자,남,63세,경상
4598,2019121400100681,2019년 12월 14일 19시,토요일,경상북도 안동시 광석동,경상사고,0,0,1,0,차대사람 - 기타,안전운전불이행,포장 - 건조,맑음,단일로 - 기타,승용,남,52세,상해없음,보행자,여,67세,경상
4599,2019121500100084,2019년 12월 15일 04시,일요일,경상북도 포항시 북구 죽도동,경상사고,0,0,1,0,차대사람 - 기타,안전운전불이행,포장 - 건조,맑음,교차로 - 교차로횡단보도내,승용,남,38세,상해없음,보행자,남,20세,경상
4600,2019121500100158,2019년 12월 15일 09시,일요일,경상북도 구미시 송정동,중상사고,0,1,0,0,차대사람 - 횡단중,안전운전불이행,포장 - 건조,맑음,교차로 - 교차로부근,승용,남,27세,상해없음,보행자,여,40세,중상
4601,2019121500100159,2019년 12월 15일 09시,일요일,경상북도 포항시 남구 구룡포읍,중상사고,0,1,0,0,차대사람 - 기타,안전운전불이행,포장 - 건조,맑음,단일로 - 기타,이륜,남,77세,상해없음,보행자,여,70세,중상
4602,2019121500100425,2019년 12월 15일 18시,일요일,경상북도 김천시 삼락동,경상사고,0,0,1,0,차대사람 - 횡단중,신호위반,포장 - 건조,기타,교차로 - 교차로횡단보도내,승용,여,49세,상해없음,보행자,남,19세,경상